,Region,rsu_raf,nombre,glosa,fono,glosa1,Direccion,Email,Socios,Socias,FechaConstitucion,Column1,FechaUltimaDirectiva,NombreOficina,FechaDepositoEstatutos,Empresa,NombreDirigente,InicioMandato,FinMandato,glosa2,TotalMiembros
10353,13,13160459,SINDICATO DE TRABAJADORES INDEPENDIENTES TODOS 2020,ACTIVO,56986597201,SINDICATO INDEPENDIENTE,LA CAÑAMERA # 0640,,63,77,19/10/2020,477399 VENTA AL POR MENOR DE OTROS PRODUCTOS EN COMERCIOS ESPECIALIZADOS N.C.P.,15-03-2021 0:00:00,ICT LA FLORIDA,26/10/2020,,MARGARITA ANDREA CARRASCO ALBIÑA,15/03/2021,2024-03-15T00:00:00.000,PRESIDENTE,140
2267,13,93010156,ASOCIACION NACIONAL DE FUNCIONARIOS DE LA CORPORACION DE ASISTENCIA JUDICIAL REGION METROPOLITANA,ACTIVO,3896840,ASOCIACION DE FUNCIONARIOS,"HUERFANOS N° 1160, OF. 808",,58,138,20/11/2003,,20-11-2021 0:00:00,IPT SANTIAGO,27/11/2003,,ZULEMA DEL CARMEN DIAZ CASTRO,16/03/2022,2024-03-16T00:00:00.000,DIRECTOR,196
14024,13,13090506,SINDICATO Nº 2 DE LA INDUSTRIA DE ALIMENTOS DOS EN UNO S.A. PLANTA Nº 2,ACTIVO,05380406,SINDICATO EMPRESA,LAS ENCINAS N? 338,sindicato2bagley@gmail.com,151,0,28/02/1996,"107300 ELABORACIÓN DE CACAO, CHOCOLATE Y DE PRODUCTOS DE CONFITERÍA",28-12-2021 0:00:00,ICT MAIPÚ,04/03/1996,: 84476300-K INDUSTRIA DE ALIMENTOS DOS EN UNO SOCIEDAD ANONIMA,LEONARDO GARRIDO ARANCIBIA,16/03/2022,2024-03-16T00:00:00.000,PRESIDENTE,151
1539,13,93070032,ASOCIACION DE FUNCIONARIOS MUNICIPALES DE LA ILUSTRE MUNICIPALIDAD DE RENCA.,ACTIVO,6856718,ASOCIACION DE FUNCIONARIOS,BLANCO ENCALADA 1335,directiva.AFIMUR@RENCA.CL,138,0,11/03/1996,0 ACTIVIDADES NO ESPECIFICADAS,11-01-2022 0:00:00,ICT STGO NORTE,11/03/1996,,SEBASTIAN GOITY VIVAR,16/03/2022,2024-03-16T00:00:00.000,PRESIDENTE,138
10925,13,13091201,SINDICATO DE TRABAJADORES Nº 3 DE LA EMPRESA INDUSTRIA DE ALIMENTOS DOS EN UNO LTDA.,ACTIVO,5566590-5442638,SINDICATO EMPRESA,ARAUCO N° 1126,sindi.numero3@gmail.com,110,21,08/06/1995,"107300 ELABORACIÓN DE CACAO, CHOCOLATE Y DE PRODUCTOS DE CONFITERÍA",16-03-2021 0:00:00,ICT MAIPÚ,12/06/1995,: 84476300-K INDUSTRIA DE ALIMENTOS DOS EN UNO SOCIEDAD ANONIMA,ROLANDO ANTONIO LOYOLA SOTO,16/03/2021,2024-03-16T00:00:00.000,PRESIDENTE,131
7416,13,13014875,SINDICATO DE TRABAJADORES DE EMPRESA TMF,ACTIVO,995075506,SINDICATO EMPRESA,HUERFANOS 727,,35,78,01/12/2017,,05-03-2022 0:00:00,IPT SANTIAGO,01/12/2017,: 76646770-9 TMF CHILE ASESORIAS EMPRESARIALES LIMITADA,MACARENA ELISA YAÑEZ YAÑEZ,16/03/2022,2024-03-16T00:00:00.000,PRESIDENTE,113
195,13,93080003,ASOCIACION DE ACADEMICOS DE LA UNIVERSIDAD METROPOLITANA DE CIENCIAS DE LA EDUCACION,ACTIVO,2412400,ASOCIACION DE FUNCIONARIOS,JOSE PEDRO ALESSANDRI No 774,,51,58,01/01/1991,941200 ACTIVIDADES DE ASOCIACIONES PROFESIONALES,17-03-2022 0:00:00,ICT SANTIAGO SUR ORIENTE,16/01/1995,,JOSE PATRICIO ESCORZA WALKER,17/03/2022,2024-03-17T00:00:00.000,PRESIDENTE,109
6114,13,13071983,SINDICATO DE ESTABLECIMIENTO DE LOS TRABAJADORES DE HIPERMERCADO RECOLETA LTDA.,ACTIVO,6223638 (empresa),SINDICATO ESTABLECIMIENTO,AV. RECOLETA Nº 3501,l.reco_86@hotmail.com,34,70,09/03/2012,"471100 VENTA AL POR MENOR EN COMERCIOS DE ALIMENTOS, BEBIDAS O TABACO (SUPERMERCADOS E HIPERMERCADOS)",10-03-2020 0:00:00,ICT STGO NORTE,13/03/2012,: 76134941-4 ADMINISTRADORA DE SUPERMERCADOS HIPER LIMITADA: 76134946-5 ADMINISTRADORA DE SUPERMERCADOS EXPRESS LIMITADA,CLAUDIA RITA LONCOMIL CAYUNAO,17/03/2020,2024-03-17T00:00:00.000,PRESIDENTE,104
12927,13,13014423,SINDICATO NACIONAL DE EMPRESA A PUNTO SERVICIOS DE ALIMENTACION S.A.,ACTIVO,92951578,SINDICATO EMPRESA,ALAMEDA 1346,,16,82,08/09/2014,0 ACTIVIDADES NO ESPECIFICADAS,20-04-2022 0:00:00,IPT SANTIAGO,09/09/2014,: 78234160-K A PUNTO SERVICIOS DE ALIMENTACION S.A,ANGELICA RODRIGUEZ GRANDON,17/03/2022,2024-03-17T00:00:00.000,PRESIDENTE,98
6321,13,13090995,SINDICATO DE ESTABLECIMIENTO WALMART VESPUCIO MAIPU,ACTIVO,9-4753676,SINDICATO ESTABLECIMIENTO,PJE. CONTAO Nº 2941,sindicatowalmartvespuciomaipu@hotmail.com,24,86,23/01/2012,"471100 VENTA AL POR MENOR EN COMERCIOS DE ALIMENTOS, BEBIDAS O TABACO (SUPERMERCADOS E HIPERMERCADOS)",12-02-2022 0:00:00,ICT MAIPÚ,25/01/2012,: 76134941-4 ADMINISTRADORA DE SUPERMERCADOS HIPER LIMITADA: 76134946-5 ADMINISTRADORA DE SUPERMERCADOS EXPRESS LIMITADA: 76232647-7 WALMART CHILE MAYORISTA LIMITADA: 76473580-3 EKONO LIMITADA: 76833720-9 ABARROTES ECONOMICOS LIMITADA,DORIS LEYLA BRAVO TORRES,23/03/2022,2024-03-23T00:00:00.000,PRESIDENTE,110
10896,13,13160070,SINDICATO DE TRABAJADORES Nº 2 DE LA EMPRESA HORMIGONES PREMIX,ACTIVO,05580071,SINDICATO EMPRESA,"TARAPACA 881,",,110,0,28/08/1992,,15-02-2019 0:00:00,ICT LA FLORIDA,07/09/1992,: 88243900-3 HORMIGONES PREMIX LTDA: 93248000-K MELON HORMIGONES S.A.,IVAN LEONARDO CORREA JARA,26/03/2021,2024-03-26T00:00:00.000,PRESIDENTE,110
1123,13,93010137,ASOCIACION DE FUNCIONARIOS DEL FONDO NACIONAL DE LA DISCAPACIDAD,ACTIVO,6729030,ASOCIACION DE FUNCIONARIOS,"AGUSTINAS N° 1502, DEPTO. 509",,46,60,22/03/2001,942000 ACTIVIDADES DE SINDICATOS,14-03-2022 0:00:00,IPT SANTIAGO,28/03/2001,,EMA JEANNETTE MOLINA PONCE,29/03/2022,2024-03-29T00:00:00.000,PRESIDENTE,106
448,13,93080015,ASOCIACION DE FUNCIONARIOS DE ACADEMICOS DE LA UNIVERSIDAD TECNOLOGICA METROPOLITANA,ACTIVO,272-7606 / 672-1393,ASOCIACION DE FUNCIONARIOS,JOSE P. ALESSANDRI No 1242,,89,39,27/11/1985,0 ACTIVIDADES NO ESPECIFICADAS,24-01-2022 0:00:00,ICT SANTIAGO SUR ORIENTE,13/12/1995,,BEATRIZ ELENA GOMEZ HERNANDEZ,30/03/2022,2024-03-30T00:00:00.000,PRESIDENTE,128
13839,13,13090035,SINDICATO Nº 1 DE EMPRESA SOCIEDAD INDUSTRIAL PIZARREÑO S.A.,ACTIVO,3912250,SINDICATO EMPRESA,CAMINO A MELIPILLA N? 10805,sindicato1group@gmail.com,176,1,14/07/1936,"239400 FABRICACIÓN DE CEMENTO, CAL Y YESO",14-03-2022 0:00:00,ICT MAIPÚ,14/07/1936,: 96573780-4 SOCIEDAD INDUSTRIAL PIZARRENO S.A.,VICTOR MANUEL PAVEZ LUENGO,01/04/2022,2024-04-01T00:00:00.000,PRESIDENTE,177
3009,13,93120050,"FEDERACION NACIONAL DE ASOCIACIONES DE ENFERMERAS Y ENFERMEROS DE CHILE ""FENASENF""",ACTIVO,9-4428420,FEDERACION DE ASOCIACIONES,rosas nº1190 depto 711,,33,102,07/05/2012,0 ACTIVIDADES NO ESPECIFICADAS,01-08-2023 0:00:00,ICT PROVIDENCIA,10/05/2012,,PATRICIA ROSANNA VASQUEZ NARCISI,01/04/2022,2024-04-01T00:00:00.000,DIRECTOR,135
1570,13,93160022,ASOCIACION DE FUNCIONARIOS MUNICIPALES DE MACUL,ACTIVO,238-4911 / 238-5238,ASOCIACION DE FUNCIONARIOS,LOS PLATANOS No 3130,,118,76,30/10/1985,,21-03-2022 0:00:00,ICT LA FLORIDA,20/03/1996,,MANUEL PATRICIO GALLARDO ROJAS,06/04/2022,2024-04-06T00:00:00.000,PRESIDENTE,194
12649,13,13050676,SINDICATO INTEREMPRESA STARCO - DEMARCO COMUNA DE PUENTE ALTO,ACTIVO,974893604,SINDICATO INTER EMPRESA,O´HIGGINS Nº 0420,,129,0,14/03/2018,381100 RECOGIDA DE DESECHOS NO PELIGROSOS,30-03-2022 0:00:00,IPT CORDILLERA,23/03/2018,: 88277600-K DEMARCO S.A.: 88446500-1 STARCO S A,ADOLFO ANTONIO TRONCOSO ROBLES,06/04/2022,2024-04-06T00:00:00.000,PRESIDENTE,129
13851,13,13010783,SINDICATO Nº 1 DE LA EMPRESA BATA CHILE S.A.,ACTIVO,00227804,SINDICATO EMPRESA,ALMIRANTE SIMPSON Nº 70,,23,76,14/07/1965,,27-12-2021 0:00:00,IPT SANTIAGO,14/07/1965,: 92216000-7 BATA CHILE S A,JUAN CARLOS ROJAS GAMBOA,06/04/2022,2024-04-06T00:00:00.000,DIRECTOR,99
1895,13,93010112,ASOCIACION DE FUNCIONARIOS PROFESIONALES Y TECNICOS DE LA UNIVERSIDAD DE CHILE,ACTIVO,6659259,ASOCIACION DE FUNCIONARIOS,"VICUÑA MACKENNA N? 79, OF. 103",,81,116,10/10/1997,,05-12-2021 0:00:00,IPT SANTIAGO,17/10/1997,,ZAIDA ROSA ESPINOZA OLGUIN,07/04/2022,2024-04-07T00:00:00.000,DIRECTOR,197
4128,13,13120643,SINDICATO DE EMPRESA CORPORACION COLEGIO ALEMAN,ACTIVO,7291600 /7291616,SINDICATO EMPRESA,av. carlos ossandon n° 1846,,31,100,20/12/2001,"850022 ENSEÑANZA PRIMARIA, SECUNDARIA CIENTÍFICO HUMANISTA Y TÉCNICO PROFESIONAL PRIVADA",07-04-2021 0:00:00,ICT PROVIDENCIA,02/01/2002,: 82142400-3 CORP COLEGIO ALEMAN,CATALINA ANDREA MORENO ASTORGA,07/04/2021,2024-04-07T00:00:00.000,PRESIDENTE,131
1808,13,93010190,"ASOCIACION DE FUNCIONARIOS PROFESIONALES MEDICOS CIRUJANOS, CIRUJANOS DENTISTAS Y QUIMICOS FARMACEUTICOS DEL HOSPITAL URGENCIA ASISTENCIA PUBLICA (HUAP)",ACTIVO,463 3800,ASOCIACION DE FUNCIONARIOS,PORTUGAL Nº125,,82,22,07/06/2007,,11-10-2021 0:00:00,IPT SANTIAGO,22/06/2007,,CARLOS ANTONIO GODOY GONZALEZ,08/04/2022,2024-04-08T00:00:00.000,PRESIDENTE,104
10827,13,13072281,SINDICATO DE TRABAJADORES Nº 1 DE EMPRESA HAMBURGO S.A.,ACTIVO,9-67790871,SINDICATO EMPRESA,"PASAJE CARIMARIDA, CASA 20",sindicatohamburgo@gmail.com,103,50,13/10/2017,107100 ELABORACIÓN DE PRODUCTOS DE PANADERÍA Y PASTELERÍA,16-03-2022 0:00:00,ICT STGO NORTE,23/10/2017,: 76415269-7 HAMBURGO S.A.,JHONNY ANGELO VALLADARES MARQUEZ,12/04/2022,2024-04-12T00:00:00.000,PRESIDENTE,153
2494,13,13020942,ASOCIACIÓN DE FUNCIONARIOS DE ASISTENTES DE LA EDUCACIÓN DEL SERVICIO LOCAL DE EDUACUÓN GABRIELA MISTRAL,ACTIVO,05525654,ASOCIACION DE FUNCIONARIOS,URETA COX Nº401,,24,156,09/10/1996,0 ACTIVIDADES NO ESPECIFICADAS,23-12-2021 0:00:00,ICT SANTIAGO SUR,15/10/1996,,ELIZABETH DEL ROSARIO PEÑALOZA ISAACS,21/04/2022,2024-04-21T00:00:00.000,PRESIDENTE,180
5579,13,13014643,"SINDICATO DE EMPRESA SERVICIOS PROFESIONALES ANDRES BELLO SPA , UNAB",ACTIVO,96955422,SINDICATO EMPRESA,ALAMEDA 486 DEPTO 5C,,19,98,10/03/2016,853120 ENSEÑANZA SUPERIOR EN UNIVERSIDADES PRIVADAS,09-08-2022 0:00:00,IPT SANTIAGO,11/03/2016,: 96567170-6 SERVICIOS PROFESIONALES ANDRES BELLO SPA,BETTY LUZ OBERG SEPULVEDA,21/04/2022,2024-04-21T00:00:00.000,PRESIDENTE,117
3696,13,13010519,SINDICATO DE EMPRESA ALUSA S.A.,ACTIVO,6793200,SINDICATO EMPRESA,AV.PANAMERICANA NORTE Nº 9160,,167,6,22/10/1965,,21-04-2021 0:00:00,IPT SANTIAGO,22/10/1965,: 84898000-5 ALUSA S A,JORGE CRISTIAN DURAN FLORES,22/04/2021,2024-04-22T00:00:00.000,PRESIDENTE,173
13533,13,13110632,SINDICATO N° 1 DE EMPRESA CEM S.A.,ACTIVO,8705141 (sEDE),SINDICATO EMPRESA,LOGROÑO N° 3871,sindicato.cem@rheem.com,137,13,29/02/2000,942000 ACTIVIDADES DE SINDICATOS,19-04-2022 0:00:00,ICT STGO PONIENTE,02/03/2000,: 92970000-7 CEM S.A.,LUIS NIBALDO MARTINEZ DONOSO,26/04/2022,2024-04-26T00:00:00.000,PRESIDENTE,150
3088,13,13021516,FEDERACION NACIONAL DE SINDICATOS DE TRABAJADORES ELECTROMETALURGICOS Y AUTOMOTRICES,ACTIVO,56-2-238 1732,FEDERACION DE SINDICATOS,AV. VICUÑA MACKENNA N° 3101,,149,26,29/03/1968,0 ACTIVIDADES NO ESPECIFICADAS,03-05-2020 0:00:00,ICT SANTIAGO SUR,27/11/1980,,FRANCISCO DELFIN ALVARADO LAINEZ,29/04/2020,2024-04-29T00:00:00.000,DIRECTOR,175
3677,13,13110634,"SINDICATO DE EMPRESA ALDEASA CHILE LTDA ""DUTY FREE"".",ACTIVO,6018821(Ea),SINDICATO EMPRESA,DIEGO BARROS ORTIZ S/N° AER.C.A.M.B.,,44,61,10/03/2000,451001 VENTA AL POR MAYOR DE VEHÍCULOS AUTOMOTORES,19-01-2023 0:00:00,ICT STGO PONIENTE,15/03/2000,: 96751080-7 ALDEASA CHILE LIMITADA,CHERIE ANGELICA RODRIGUEZ QUINTANILLA,29/04/2022,2024-04-29T00:00:00.000,PRESIDENTE,105
13049,13,13121092,SINDICATO NACIONAL DE PROFESIONALES DE EMPRESA INSTITUTO DE INVESTIGACIONES AGROPECUARIAS - INIA.,ACTIVO,05417223,SINDICATO EMPRESA,"fidel oteiza n°1956, piso 11",,126,70,11/04/1997,0 ACTIVIDADES NO ESPECIFICADAS,02-05-2022 0:00:00,ICT PROVIDENCIA,21/04/1997,: 61312000-9 INSTITUTO DE INVESTIGACIONES AGROPECUARIAS,LILIAN MAGALY AVENDAÑO FUENTES,02/05/2022,2024-05-02T00:00:00.000,PRESIDENTE,196
4312,13,13080427,SINDICATO DE EMPRESA DE TRABAJADORES DE LA CORPORACION INSTITUTO DE ARTE Y COMUNICACION ARCOS,ACTIVO,4478383,SINDICATO EMPRESA,AVDA GRECIA Nº 8991,,70,100,02/10/1990,853201 ENSEÑANZA SUPERIOR EN INSTITUTOS PROFESIONALES,02-05-2022 0:00:00,ICT SANTIAGO SUR ORIENTE,03/10/1990,: 79860950-5 CORPORACION INSTITUTO PROFESIONAL ARCOS,JULIO ALEJANDRO LORCA VELASQUEZ,02/05/2022,2024-05-02T00:00:00.000,DIRECTOR,170
7955,13,13011606,SINDICATO DE TRABAJADORES DE LA EMPRESA SOCIEDAD COMERCIAL ITAHUE LIMITADA,ACTIVO,4768600,SINDICATO EMPRESA,BEAUCHEFF Nº 938,,95,64,30/08/1990,"472109 VENTA AL POR MENOR EN COMERCIOS ESPECIALIZADOS DE HUEVOS, CONFITES Y PRODUCTOS ALIMENTICIOS N.C.P.",16-04-2022 0:00:00,IPT SANTIAGO,07/09/1990,: 84988100-0 SOC COMERCIAL ITAHUE LTDA,PATRICIO ANTONIO AGUILERA HENRIQUEZ,04/05/2022,2024-05-04T00:00:00.000,PRESIDENTE,159
2298,13,93080002,ASOCIACION NACIONAL DE FUNCIONARIOS DE LA UNIVERSIDAD METROPOLITANA DE CIENCIAS DE LA EDUCACION,ACTIVO,239-2522/241-2515,ASOCIACION DE FUNCIONARIOS,JOSE PEDRO ALESSANDRI 774 - ÑUÑOA,,72,83,23/01/1986,,06-12-2021 0:00:00,ICT SANTIAGO SUR ORIENTE,13/10/1994,,JOSEFFE TAMARA CACERES TORRES,04/05/2022,2024-05-04T00:00:00.000,DIRECTOR,155
2440,13,93110006,ASOCIACION.DE FUNCIONARIOS DE LA SALUD DE LA CORPORACION MUNICIPAL DE LO PRADO,ACTIVO,7732245,ASOCIACION DE FUNCIONARIOS,CAMILO LOYOLA Nº 5302,ASOCIACIONSTAANITA@GMAIL.COM,38,111,07/07/1995,477201 VENTA AL POR MENOR DE PRODUCTOS FARMACÉUTICOS Y MEDICINALES EN COMERCIOS ESPECIALIZADOS,04-05-2022 0:00:00,ICT STGO PONIENTE,16/04/1996,,NANCY CASTILLO ARENAS,04/05/2022,2024-05-04T00:00:00.000,PRESIDENTE,149
6757,13,13011066,SINDICATO DE TRABAJADORES ARBITROS PROFESIONALES DE LA EMPRESA ASOCIACION NACIONAL DE FUTBOL PROFESIONAL,ACTIVO,2398598/092508488,SINDICATO EMPRESA,CHILOE N° 2557,,128,19,09/09/1985,942000 ACTIVIDADES DE SINDICATOS,28-03-2022 0:00:00,IPT SANTIAGO,10/09/1985,: 70081200-6 ASOC NACIONAL DE FUTBOL PROFESIONAL,FELIPE ANDRES GONZALEZ ALVEAL,10/05/2022,2024-05-10T00:00:00.000,PRESIDENTE,147
14037,13,13012599,SINDICATO Nº 2 DE TRABAJADORES DE LA EMPRESA FRUTALES LTDA.,ACTIVO,3898121,SINDICATO EMPRESA,SAZIE Nº 2105,,61,109,03/04/2003,942000 ACTIVIDADES DE SINDICATOS,16-01-2022 0:00:00,IPT SANTIAGO,07/04/2003,: 79746250-0 ELABORADORA DE ALIMENTOS FRUTALE LIMITADA,ADOLFO SOTO JAQUE,17/05/2022,2024-05-17T00:00:00.000,PRESIDENTE,170
439,13,93130027,ASOCIACION DE FUNCIONARIOS CONSULTORIO LAURITA VICUÑA,ACTIVO,5282257/5610556,ASOCIACION DE FUNCIONARIOS,LO MARTINEZ 8625298931.-,,35,70,02/04/2002,,10-01-2022 0:00:00,IPT MAIPO (SAN BERNARDO),11/04/2002,,MARILUZ DEL CARMEN ESCOBAR SOTO,17/05/2022,2024-05-17T00:00:00.000,PRESIDENTE,105
216,13,93010131,ASOCIACION DE EMPLEADOS DE LA BIBLIOTECA DEL CONGRESO NACIONAL,ACTIVO,2701727-2701700,ASOCIACION DE FUNCIONARIOS,"HUERFANOS Nº 1117, PISO 2",,63,48,30/12/1967,,05-03-2022 0:00:00,IPT SANTIAGO,12/12/2000,,ANGELICA VERA QUILODRAN,19/05/2022,2024-05-19T00:00:00.000,PRESIDENTE,111
4281,13,13060269,SINDICATO DE EMPRESA DE TRABAJADORES CHAMPIÑONES ABRANTES S.A.,ACTIVO,979447831,SINDICATO EMPRESA,"CAMINO HIJUELAS 4 Y 5 S/N , RESERVA PERALILLO, PAINE",estefany_carolaine@hotmail.com,44,144,01/04/2022,469000 VENTA AL POR MAYOR NO ESPECIALIZADA,02-12-2022 0:00:00,ICT BUIN,06/04/2022,: 76102111-7 CHAMPINONES ABRANTES S.A.,FRANCISCO JAVIER SILVA SOTO,20/05/2022,2024-05-20T00:00:00.000,PRESIDENTE,188
2438,13,93010053,ASOCIACION nacional DE FUNCIONARIOS TECNICOS ADMINISTRATIVOS Y AUXILIARES DE LA CORPORACION DE ASISTENCIA JUDICIAL,ACTIVO,06961448,ASOCIACION DE FUNCIONARIOS,AGUSTINAS N° 1419,,34,83,12/09/1995,942000 ACTIVIDADES DE SINDICATOS,28-05-2022 0:00:00,IPT SANTIAGO,14/09/1995,,EDITH PATRICIA CHANDIA CONCHA,20/05/2022,2024-05-20T00:00:00.000,DIRECTOR,117
13139,13,13111632,SINDICATO NACIONAL DE TRABAJADORES DE LA EMPRESA MEGALOGISTICA S.A.,ACTIVO,+569 7906 1561,SINDICATO EMPRESA,SAN IGNACIO DE LOYOLA II - PSAJER LOS DOMINICOS Nº 0666,DAVIDLEAL44@GMAIL.COM,137,0,19/06/2013,492300 TRANSPORTE DE CARGA POR CARRETERA,28-01-2022 0:00:00,ICT STGO PONIENTE,21/06/2013,: 76042103-0 MEGALOGISTICA SPA,HECTOR MENDEZ PALACIOS,23/05/2022,2024-05-23T00:00:00.000,PRESIDENTE,137
7620,13,13160473,SINDICATO DE TRABAJADORES DE LA EMPRESA CAMILO ORTUZAR MONTT DE LA CONGREGACION SALESIANA,ACTIVO,221-1286,SINDICATO EMPRESA,AV.JOSE PEDRO ALESSANDRI 5950,SINDICATOdeTRABAJADORESCOM@GMAIL.COM,31,75,30/06/1992,"850022 ENSEÑANZA PRIMARIA, SECUNDARIA CIENTÍFICO HUMANISTA Y TÉCNICO PROFESIONAL PRIVADA",13-11-2021 0:00:00,ICT LA FLORIDA,06/07/1992,: 80230534-6 CONGREGACION SALESIANA LICEO CAMILO ORTU,MARCO ANDRES BARNECHEA PARDO,24/11/2021,2024-05-24T00:00:00.000,PRESIDENTE,106
7268,13,13230169,SINDICATO DE TRABAJADORES DE EMPRESA LABORATORIO DUKAY S.A.,ACTIVO,5879000,SINDICATO EMPRESA,EL TAQUERAL N° 454,,46,64,18/01/2005,202909 FABRICACIÓN DE OTROS PRODUCTOS QUÍMICOS N.C.P.,30-01-2022 0:00:00,ICT NORTE CHACABUCO,19/01/2005,: 96505770-6 LABORATORIO DUKAY S A,JOSELYNE TOBAR ARANCIBIA,25/05/2022,2024-05-25T00:00:00.000,PRESIDENTE,110
2284,13,93010145,ASOCIACION NACIONAL DE FUNCIONARIOS DE LA SALUD CAPREDENA (ANFUSAC),ACTIVO,4227859-2886312,ASOCIACION DE FUNCIONARIOS,AV. BULNES N° 284,,71,112,30/04/2002,942000 ACTIVIDADES DE SINDICATOS,28-05-2022 0:00:00,IPT SANTIAGO,06/05/2002,,CLAUDIA LOPEZ PACHECO,26/05/2022,2024-05-26T00:00:00.000,DIRECTOR,183
936,13,93020027,ASOCIACION DE FUNCIONARIOS DE SALUD DE LA ATENCION PRIMARIA DE LA COMUNA DE SAN MIGUEL,ACTIVO,05514269,ASOCIACION DE FUNCIONARIOS,LLANO SUBERCASEAUX N?3519,,40,140,27/06/1996,,08-06-2023 0:00:00,ICT SANTIAGO SUR,08/07/1996,,ROSA MUÑOZ VILLAGRÁN,07/09/2023,2024-05-26T00:00:00.000,DIRECTOR,180
4117,13,13010762,SINDICATO DE EMPRESA COPEC S.A.,ACTIVO,06992073,SINDICATO EMPRESA,"AGUSTINAS Nº 1382, SUBTERRANEO",,68,62,18/04/1953,,27-05-2022 0:00:00,IPT SANTIAGO,18/04/1953,: 90690000-9 EMPRESAS COPEC S A: 99520000-7 COPEC S.A.,CLAUDIA VERONICA QUEVEDO CERDA,26/05/2022,2024-05-26T00:00:00.000,PRESIDENTE,130
7911,13,13220056,SINDICATO DE TRABAJADORES DE LA EMPRESA PROYECTO EDUCATIVO INTEGRAL COLEGIOS PADRE HURTADO Y JUANITA DE LOS ANDES S.A.,ACTIVO,02117859,SINDICATO EMPRESA,FCO.BULNES CORREA 3000,,50,120,18/12/1986,,27-05-2021 0:00:00,ICT SANTIAGO ORIENTE,22/12/1986,: 88514500-0 PROYECT EDUCAT INTEGRAL COLEGIOS P HURTADO Y JUANITA DE LOS ANDES S A,ROBINSON RAMIRO TORRES TORRES,27/05/2021,2024-05-27T00:00:00.000,PRESIDENTE,170
1855,13,93030014,ASOCIACION DE FUNCIONARIOS PROFESIONALES UNIVERSITARIOS DEL HOSPITAL DE TALAGANTE,ACTIVO,1,ASOCIACION DE FUNCIONARIOS,BALMACEDA N? 1458,,29,95,06/06/2000,0 ACTIVIDADES NO ESPECIFICADAS,01-04-2023 0:00:00,IPT TALAGANTE,13/06/2000,,TATIANA LEPE CHANDIA,27/05/2022,2024-05-27T00:00:00.000,PRESIDENTE,124
1662,13,93130028,"ASOCIACION DE FUNCIONARIOS NO ACADEMICOS DE LA FACULTAD DE CIENCIAS AGRONOMICAS DE LA UNIVERSIDAD DE CHILE, ANTUMAPU",ACTIVO,6785839,ASOCIACION DE FUNCIONARIOS,AVENIDA SANTA ROSA Nº11315,,106,66,21/04/2004,,11-05-2022 0:00:00,IPT MAIPO (SAN BERNARDO),26/04/2004,,MYRIAM CARRASCO RADDATZ,01/06/2022,2024-06-01T00:00:00.000,PRESIDENTE,172
1334,13,93020012,ASOCIACION DE FUNCIONARIOS FENATS HOSPITAL LUCIO CORDOVA,ACTIVO,05518013,ASOCIACION DE FUNCIONARIOS,GRAN AVENIDA N? 3204,,52,116,01/01/1968,,07-11-2021 0:00:00,ICT SANTIAGO SUR,03/08/1995,,PAMELA VILLLANUEVA CASTRO,06/06/2022,2024-06-06T00:00:00.000,PRESIDENTE,168
1375,13,93070021,ASOCIACION DE FUNCIONARIOS FENATS INSTITUTO PSIQUIATRICO,ACTIVO,4793425,ASOCIACION DE FUNCIONARIOS,"AV, LA PAZ 841",psiquiatrico.fenats@gmail.com,68,86,27/07/1995,0 ACTIVIDADES NO ESPECIFICADAS,22-10-2021 0:00:00,ICT STGO NORTE,03/08/1995,,CLAUDIO ANDRES SALAZAR MENA,06/06/2022,2024-06-06T00:00:00.000,PRESIDENTE,154
14054,13,13081081,SINDICATO Nº 2 EMPRESA PIAMONTE S.A.,ACTIVO,7510200,SINDICATO EMPRESA,AVDA. IRARRAZAVAL Nº 3400,sindicatopiamonte2@gmail.com,81,32,22/10/2012,451001 VENTA AL POR MAYOR DE VEHÍCULOS AUTOMOTORES,08-06-2022 0:00:00,ICT SANTIAGO SUR ORIENTE,24/10/2012,: 96642160-6 PIAMONTE S A,JUAN AGUSTIN GAETE JORQUERA,06/06/2022,2024-06-06T00:00:00.000,PRESIDENTE,113
2353,13,93070069,ASOCIACION NACIONAL DE FUNCIONARIOS Y FUNCIONARIAS DEL SERVICIO MEDICO LEGAL,ACTIVO,27823500 (EMPRESA),ASOCIACION DE FUNCIONARIOS,AV. LA PAZ Nº 1012,,90,44,20/06/2013,861010 ACTIVIDADES DE HOSPITALES Y CLÍNICAS PÚBLICAS,14-01-2022 0:00:00,ICT STGO NORTE,28/06/2013,,MARGARITA GONZALEZ ARAYA,08/06/2022,2024-06-08T00:00:00.000,PRESIDENTE,134
3809,13,13010910,SINDICATO DE EMPRESA CAMARA DE COMERCIO DE SANTIAGO A.G.,ACTIVO,3607000,SINDICATO EMPRESA,MONJITAS Nº 392,,61,73,15/12/1982,,12-06-2022 0:00:00,IPT SANTIAGO,22/12/1982,: 70017820-K CAMARA DE COMERCIO DE SANTIAGO A G,SUSANA DEL ROSARIO LOPEZ MARCHANT,09/06/2022,2024-06-09T00:00:00.000,PRESIDENTE,134
1129,13,93010104,ASOCIACION DE FUNCIONARIOS DEL GOBIERNO REGIONAL METROPOLITANO DE SANTIAGO,ACTIVO,2509000-2509402,ASOCIACION DE FUNCIONARIOS,"TEATINOS Nº 370, 4º PISO",,75,37,13/08/1996,,09-06-2022 0:00:00,IPT SANTIAGO,14/08/1996,,CAROLINA PAZ HIDALGO MANDUJANO,09/06/2022,2024-06-09T00:00:00.000,PRESIDENTE,112
10734,13,13220055,SINDICATO DE TRABAJADORES NRO 2 DE LA EMPRESA CLUB DE POLO Y EQUITACION SAN CRISTOBAL,ACTIVO,02284743,SINDICATO EMPRESA,MONSENOR E.BALAGUER 5501,,39,61,05/08/1986,,09-06-2022 0:00:00,ICT SANTIAGO ORIENTE,08/08/1986,: 91149000-5 CLUB DE POLO Y EQUITACION SAN CRISTOBAL,RUBEN ANGEL PENA MORALES,09/06/2022,2024-06-09T00:00:00.000,PRESIDENTE,100
1424,13,93110055,"ASOCIACION DE FUNCIONARIOS MEDICOS CIRUJANOS, CIRUJANOS DENTISTAS Y QUIMICO FARMACEUTICOS DEL HOSPITAL CLINICO DOCTOR FELIX BULNES CERDA",ACTIVO,3619859-3619861,ASOCIACION DE FUNCIONARIOS,LEONCIO FERNANDEZ Nº 2655.,leymedicafelixbulnes@gmail.com,90,52,04/07/2007,861010 ACTIVIDADES DE HOSPITALES Y CLÍNICAS PÚBLICAS,09-06-2022 0:00:00,ICT STGO PONIENTE,18/07/2007,,GISELLA ESTELA ARELLANO PEREDO,10/06/2022,2024-06-10T00:00:00.000,PRESIDENTE,142
6770,13,13020794,SINDICATO DE TRABAJADORES ASISTENTES DE LA EDUCACION DE ESTABLECIMIENTOS EDUCACIONALES DE LA EMPRESA CORPORACION MUNICIPAL DE SAN MIGUEL,ACTIVO,05569759,SINDICATO EMPRESA,GASPAR BANDA 4047,,44,101,20/08/1992,,17-06-2022 0:00:00,ICT SANTIAGO SUR,25/08/1992,: 70962500-4 CORP MUNICIPAL DE SAN MIGUEL,ASTRID JEANETTE CONTRERAS LIBERONA,17/06/2022,2024-06-17T00:00:00.000,PRESIDENTE,145
615,13,93220013,ASOCIACION DE FUNCIONARIOS DE LA FISCALIA REGIONAL METROPOLITANA ORIENTE,ACTIVO,5875136,ASOCIACION DE FUNCIONARIOS,'LOS MILITARES Nº5550',,50,70,19/12/2008,,21-06-2022 0:00:00,ICT SANTIAGO ORIENTE,23/12/2008,,PAMELA ARANCIBIA CONTRERAS,17/06/2022,2024-06-17T00:00:00.000,DIRECTOR,120
13415,13,13011628,SINDICATO NACIONAL Nº 1 DE EMPRESA CONSTRUMART S.A.,ACTIVO,09-2350688,SINDICATO EMPRESA,LAUTARO Nº 9202,,78,24,27/10/1990,942000 ACTIVIDADES DE SINDICATOS,14-06-2022 0:00:00,IPT SANTIAGO,31/10/1990,: 96511460-2 CONSTRUMART S.A.,TATIANA JOHANA SILVA ARRIAGADA,17/06/2022,2024-06-17T00:00:00.000,PRESIDENTE,102
4697,13,13111569,SINDICATO DE EMPRESA FUNDACION RODRIGO ZALDIVAR LARRAIN,ACTIVO,6212760,SINDICATO EMPRESA,AVDA SOFIA EASTMAN DE HUNNEUS Nº 9130,,6,145,04/05/2006,0 ACTIVIDADES NO ESPECIFICADAS,23-11-2018 0:00:00,ICT STGO PONIENTE,16/05/2006,: 53226150-3 FUNDACION ROSTROS NUEVOS,LISBET PAMELA FELIPE SEPULVEDA,22/11/2018,2024-06-22T00:00:00.000,PRESIDENTE,151
7849,13,13010389,SINDICATO DE TRABAJADORES DE LA EMPRESA MARSOL S.A.,ACTIVO,6964175,SINDICATO EMPRESA,EJERCITO Nº 773,,156,38,03/02/1966,465909 VENTA AL POR MAYOR DE OTROS TIPOS DE MAQUINARIA Y EQUIPO N.C.P.,27-06-2022 0:00:00,IPT SANTIAGO,03/02/1966,: 91443000-3 MARSOL S A,ERICK GUERRERO URRUTIA,23/06/2022,2024-06-23T00:00:00.000,PRESIDENTE,194
13118,13,13011220,SINDICATO NACIONAL DE TRABAJADORES DE LA EMPRESA : FUNDACION ASISTENCIAL Y DE SALUD TRABAJADORES DEL BANCO DEL ESTADO DE CHILE,ACTIVO,6952858,SINDICATO EMPRESA,"VALENTIN LETELIER N° 1349, OF. 301",,51,133,21/08/1987,651220 ACTIVIDADES DE ISAPRES,18-06-2022 0:00:00,IPT SANTIAGO,25/08/1987,: 71235700-2 FUND DE SALUD TRABAJADORES BANCO DEL ESTADO DE CHILE,ANDREA PAZ PEREZ GUAJARDO,23/06/2022,2024-06-23T00:00:00.000,PRESIDENTE,184
7167,13,13230622,SINDICATO DE TRABAJADORES DE EMPRESA FABRICA DE ENVASES FOSKO S.A.,ACTIVO,3986130,SINDICATO EMPRESA,"CAMINO EL OTOÑO, LOTE 4",,55,47,21/05/1995,,24-06-2022 0:00:00,ICT NORTE CHACABUCO,31/05/1995,: 81866400-1 FABRICA DE ENVASES FOSKO S.A.,JUAN ANTONIO HEVIA CERDA,24/06/2022,2024-06-24T00:00:00.000,PRESIDENTE,102
1949,13,93010068,ASOCIACION DE FUNCIONARIOS TECNICOS PARAMEDICOS HOSPITAL CLINICO SAN BORJA ARRIARAN,ACTIVO,5441328-5446458,ASOCIACION DE FUNCIONARIOS,SANTA ROSA Nº 1234,,29,159,20/12/1995,,05-07-2022 0:00:00,IPT SANTIAGO,28/12/1995,,LUISA ANGELICA MARIN RODRIGUEZ,29/06/2022,2024-06-29T00:00:00.000,PRESIDENTE,188
7385,13,13010176,SINDICATO DE TRABAJADORES DE EMPRESA SOCIEDAD DE INSTRUCCION PRIMARIA DE SANTIAGO,ACTIVO,6396620,SINDICATO EMPRESA,"PHILLIPS N° 16,7° PISO,DEPTO-O",,32,85,08/11/1970,"850012 ENSEÑANZA PRIMARIA, SECUNDARIA CIENTÍFICO HUMANISTA Y TÉCNICO PROFESIONAL PÚBLICA",21-06-2022 0:00:00,IPT SANTIAGO,08/11/1970,: 82648400-4 SOC DE INSTRUCCION PRIMARIA DE SANTIAGO,MARIA CLEMENTINA RAMIREZ VARGAS,30/06/2022,2024-06-30T00:00:00.000,PRESIDENTE,117
4959,13,13090925,SINDICATO DE EMPRESA LIDER SUPERMERCADO MAIPU LTDA,ACTIVO,5313711,SINDICATO EMPRESA,RAMON FREIRE Nº 1790,sindicato61plazamaipu@gmail.com,29,69,23/10/2010,"471100 VENTA AL POR MENOR EN COMERCIOS DE ALIMENTOS, BEBIDAS O TABACO (SUPERMERCADOS E HIPERMERCADOS)",21-06-2022 0:00:00,ICT MAIPÚ,27/10/2010,: 76134941-4 ADMINISTRADORA DE SUPERMERCADOS HIPER LIMITADA: 76134946-5 ADMINISTRADORA DE SUPERMERCADOS EXPRESS LIMITADA: 76232647-7 WALMART CHILE MAYORISTA LIMITADA: 76473580-3 EKONO LIMITADA: 76833720-9 ABARROTES ECONOMICOS LIMITADA,GINA DE LAS MERCEDES SAAVEDRA ACUÑA,06/07/2022,2024-07-06T00:00:00.000,PRESIDENTE,98
4087,13,13012439,SINDICATO DE EMPRESA CONFECCIONES FEROUCH LTDA.,ACTIVO,6294382,SINDICATO EMPRESA,"VALENTIN LETELIER Nº 1373, OF. 604",,52,107,30/08/2001,0 ACTIVIDADES NO ESPECIFICADAS,29-05-2023 0:00:00,IPT SANTIAGO,31/08/2001,: 86708800-8 BADAMAX RETAIL S.A.,ROSA MARIA ESPINOZA LOPEZ,12/07/2022,2024-07-12T00:00:00.000,PRESIDENTE,159
13425,13,13071052,SINDICATO NACIONAL Nº 1 DE TRABAJADORES DE LA EMPRESA WENCO S.A.,ACTIVO,6208500 mesa,SINDICATO EMPRESA,AMERICO VESPUCIO NORTE Nº 1125,sindicatonacionalwencon1@gmail.com,158,10,07/11/1965,222000 FABRICACIÓN DE PRODUCTOS DE PLÁSTICO,26-06-2022 0:00:00,ICT STGO NORTE,08/08/2003,: 92147000-2 WENCO S A,JULIO HUMBERTO ROSAS ASTETE,14/07/2022,2024-07-14T00:00:00.000,PRESIDENTE,168
1462,13,93110021,ASOCIACION DE FUNCIONARIOS MUNICIPALES DE CERRO NAVIA,ACTIVO,3766800,ASOCIACION DE FUNCIONARIOS,DEL CONSISTORIAL Nº 6645,,0,106,07/03/1988,,24-03-2022 0:00:00,ICT STGO PONIENTE,07/03/1988,,SERGIO ALEX MUÑOZ MUÑOZ,14/07/2022,2024-07-14T00:00:00.000,PRESIDENTE,106
13083,13,13111261,SINDICATO NACIONAL DE TRABAJADORES DE EMPRESA CEVA,ACTIVO,291502000,SINDICATO EMPRESA,"AVDA EL PARQUE Nº 1307,MODULO 5- ENEA-",sindicato.empresa.ceva@gmail.com,46,81,21/01/2013,492300 TRANSPORTE DE CARGA POR CARRETERA,15-07-2022 0:00:00,ICT STGO PONIENTE,23/01/2013,: 78947550-4 CEVA FREIGHT MANAGEMENT LOGISTICA DE CHILE LIMITADA,DANIELA SALAZAR DIAZ,15/07/2022,2024-07-15T00:00:00.000,PRESIDENTE,127
5611,13,13110096,SINDICATO DE EMPRESA SKY CHEFS CHILE SPA.,ACTIVO,5658300(E),SINDICATO EMPRESA,AEROPUERTO ARTURO MERINO BENITEZ.,,92,44,30/10/1970,562900 SUMINISTRO INDUSTRIAL DE COMIDAS POR ENCARGO; CONCESIÓN DE SERVICIOS DE ALIMENTACIÓN,19-07-2021 0:00:00,ICT STGO PONIENTE,30/10/1970,: 81348400-5 SKY CHEFS CHILE SPA,INES DEL CARMEN CURIHUAL PICHUMAN,19/07/2021,2024-07-19T00:00:00.000,PRESIDENTE,136
2681,13,13090174,CONFEDERACION NACIONAL DE TRABAJADORAS Y TRABAJADORES (CNT-CHILE),ACTIVO,5320381,CONFEDERACION DE SINDICATOS,SAN JOSE N? 70,confederacion.cntchile@gmail.com,117,64,26/10/1983,990000 ACTIVIDADES DE ORGANIZACIONES Y ÓRGANOS EXTRATERRITORIALES,22-07-2022 0:00:00,ICT MAIPÚ,07/11/1983,,PEDRO ENRIQUE ALFONSO ROJAS CORREA,22/07/2022,2024-07-22T00:00:00.000,DIRECTOR,181
13826,13,13231207,SINDICATO Nº 1 DE EMPRESA INSTITUTO SANITAS S.A.,ACTIVO,4446600,SINDICATO EMPRESA,AMERICO VESPUCIO Nº 01260,,40,74,16/03/1939,,21-07-2022 0:00:00,ICT NORTE CHACABUCO,16/03/1939,: 90073000-4 INSTITUTO SANITAS S A,ISABEL CRISTINA COBO VICUÑA,22/07/2022,2024-07-22T00:00:00.000,PRESIDENTE,114
2342,13,93010181,"ASOCIACION NACIONAL DE FUNCIONARIOS PLANTA II DE SUB-OFICIALES DE GENDARMERIA DE CHILE ""A.N.S.O.G.""",ACTIVO,4644600,ASOCIACION DE FUNCIONARIOS,PEDRO MONTT Nº 1902,,67,31,02/11/2006,942000 ACTIVIDADES DE SINDICATOS,23-08-2023 0:00:00,IPT SANTIAGO,03/11/2006,,JACQUELINE FIGUEROA RAMOS,27/07/2022,2024-07-27T00:00:00.000,DIRECTOR,98
994,13,93030021,ASOCIACION DE FUNCIONARIOS DE SALUD MUNICIPALIZADA DE LA ILUSTRE MUNICIPALIDAD DE TALAGANTE,ACTIVO,4512851,ASOCIACION DE FUNCIONARIOS,FRANCISCO CHACON Nº 750,,53,100,15/07/2005,,30-11-2021 0:00:00,IPT TALAGANTE,27/07/2005,,SANDRA QUINTEROS CONCHA,28/07/2022,2024-07-28T00:00:00.000,PRESIDENTE,153
1022,13,93120005,ASOCIACION DE FUNCIONARIOS DEL AREA SALUD MUNICIPALIDAD PROVIDENCIA,ACTIVO,2352510,ASOCIACION DE FUNCIONARIOS,MANUEL MONTT 303,,40,80,05/05/1995,0 ACTIVIDADES NO ESPECIFICADAS,22-07-2022 0:00:00,ICT PROVIDENCIA,12/05/1995,,YERCO GABRIEL DAPREMONT MONROY,01/08/2022,2024-08-01T00:00:00.000,DIRECTOR,120
631,13,93080021,ASOCIACION DE FUNCIONARIOS DE LA I. MUNICIPALIDAD DE PEÑALOLEN,ACTIVO,279-2754 / 279-5272,ASOCIACION DE FUNCIONARIOS,AV. GRECIA No 8735,,84,90,22/02/1990,,14-06-2022 0:00:00,ICT SANTIAGO SUR ORIENTE,28/03/1996,,JOSE DAVID SANTANDER TORRES,03/08/2022,2024-08-03T00:00:00.000,PRESIDENTE,174
1899,13,93110064,"ASOCIACION DE FUNCIONARIOS PROFESIONALES, ADMINISTRATIVOS, TECNICOS Y AUXILIARES DE LA MUNICIPALIDAD DE CERRO NAVIA",ACTIVO,3766871,ASOCIACION DE FUNCIONARIOS,DEL CONSISTORIAL Nº 6645,,59,51,06/07/2006,,22-01-2022 0:00:00,ICT STGO PONIENTE,11/07/2006,,HELEN WILLIAMS IBAÑEZ,05/08/2022,2024-08-05T00:00:00.000,PRESIDENTE,110
13026,13,13010320,SINDICATO NACIONAL DE EMPRESA VIÑA SAN PEDRO TARAPACA S.A. Nº2,ACTIVO,3734300,SINDICATO EMPRESA,"VITACURA Nº 4380, 6TO. PISO",sindicatovspt2@gmail.com,111,46,06/11/1970,110200 ELABORACIÓN DE VINOS,01-10-2022 0:00:00,IPT SANTIAGO,06/11/1970,: 91041000-8 VINA SAN PEDRO TARAPACA S.A.,MARCELO SEPULVEDA DIAZ,12/08/2022,2024-08-12T00:00:00.000,PRESIDENTE,157
10856,13,13130005,SINDICATO DE TRABAJADORES Nº 1 DE PINTURAS SHERWIN WILLIAMS CHILE S.A.,ACTIVO,5400011,SINDICATO EMPRESA,AVDA LA DIVISA 3598543000,,114,3,02/10/1979,,12-08-2020 0:00:00,IPT MAIPO (SAN BERNARDO),11/10/1979,: 96803460-K SHERWIN WILLIAMS CHILE S A,GUIDO ORLANDO FLORES CHACON,12/08/2020,2024-08-12T00:00:00.000,PRESIDENTE,117
895,13,93070090,"ASOCIACION DE FUNCIONARIOS DE LA UNIVERSIDAD DE CHILE , CAMPUS DE MEDICINA",ACTIVO,05516438,ASOCIACION DE FUNCIONARIOS,GRAN AVENIDA N? 3100,,69,129,09/11/1995,,22-10-2021 0:00:00,ICT STGO NORTE,23/11/1995,,DANIEL ROBERTO COLOMBO SILVA,17/08/2022,2024-08-17T00:00:00.000,PRESIDENTE,198
2022,13,93010114,ASOCIACION DE FUNCIONARIOS Y PROFESIONALES DE LA CORPORACION DE ASISTENCIA JUDICIAL DE LA REGION METROPOLITANA,ACTIVO,7827953,ASOCIACION DE FUNCIONARIOS,"AGUSTINAS N° 1419, PISO 2",,71,108,24/06/1998,,11-12-2022 0:00:00,IPT SANTIAGO,07/07/1998,,JORGE EDUARDO ACEVEDO ZAMORANO,18/08/2022,2024-08-18T00:00:00.000,DIRECTOR,179
2299,13,93010018,ASOCIACION NACIONAL DE FUNCIONARIOS DE LA UNIVERSIDAD TECNOLOGICA METROPOLITANA,ACTIVO,7877673-09.8052841,ASOCIACION DE FUNCIONARIOS,DIECIOCHO N° 178,,100,90,12/08/1994,853110 ENSEÑANZA SUPERIOR EN UNIVERSIDADES PÚBLICAS,03-01-2022 0:00:00,IPT SANTIAGO,18/08/1994,,VICTOR DE LA BARRA CARRASCO,23/08/2022,2024-08-23T00:00:00.000,PRESIDENTE,190
2296,13,93010055,ASOCIACION NACIONAL DE FUNCIONARIOS DE LA SUPERINTENDENCIA DE SERVICIOS SANITARIOS,ACTIVO,06332086,ASOCIACION DE FUNCIONARIOS,"MONEDA Nº 673, PISO 7",,57,56,20/10/1995,,23-10-2021 0:00:00,IPT SANTIAGO,24/10/1995,,MARIA ETERLINA CAMPOS GATICA,24/08/2022,2024-08-24T00:00:00.000,PRESIDENTE,113
2322,13,93010065,ASOCIACION NACIONAL DE FUNCIONARIOS DEL MINISTERIO SECRETARIA GENERAL DE GOBIERNO,ACTIVO,6953449,ASOCIACION DE FUNCIONARIOS,"VALENTIN LETELIER N° 1373, OF.801",,120,76,14/12/1995,942000 ACTIVIDADES DE SINDICATOS,07-06-2022 0:00:00,IPT SANTIAGO,20/12/1995,,MARCELO EDUARDO OLGUIN MORENO,30/08/2022,2024-08-30T00:00:00.000,PRESIDENTE,196
2524,13,93110048,"ASOCIACIÓN DE FUNCIONARIOS DE LOS SERVICIOS DE ATENCIÓN PRIMARIA DE URGENCIA DE PUDAHUEL,DE LA CORPORACIÓN MUNICIPAL DE DESARROLLO SOCIAL DE PUDAHUEL",ACTIVO,6435459(p),ASOCIACION DE FUNCIONARIOS,SAN FRANCISCO N° 8630,,80,56,07/08/2004,,14-09-2022 0:00:00,ICT STGO PONIENTE,13/08/2004,,LUIS ANTONIO FRITZ VALENCIA,01/09/2022,2024-09-01T00:00:00.000,PRESIDENTE,136
2357,13,93220022,ASOCIACION NACIONAL DE FUNCIONARIOS/AS HOSPITAL CLINICO DE LA FUERZA AEREA DE CHILE GRAL. DR. RAÚL YAZIGI J. (ANFUFACH),ACTIVO,956140876,ASOCIACION DE FUNCIONARIOS,AV. LAS CONDES N°,,31,109,03/09/2020,861020 ACTIVIDADES DE HOSPITALES Y CLÍNICAS PRIVADAS,03-09-2022 0:00:00,ICT SANTIAGO ORIENTE,04/09/2020,,CLAUDIA MOYA SOTO,08/09/2022,2024-09-08T00:00:00.000,PRESIDENTE,140
13321,13,13071972,SINDICATO NACIONAL INTEREMPRESA DE TRABAJADORES DEL SISTEMA DE APUESTAS TELEFONICAS DE LAS EMPRESAS HIPICAS DE CHILE,ACTIVO,08/2177708,SINDICATO INTER EMPRESA,AV. FERMIN VIVACETA Nº 2753,molina.sindicato.interempresas@hipodromochile.cl,64,100,16/12/2011,931101 HIPÓDROMOS,03-07-2023 0:00:00,ICT STGO NORTE,19/12/2011,: 90212000-9 CLUB HIPICO DE SANTIAGO S A: 90256000-9 SOC HIPODROMO CHILE S A,GENESIS MARIA GONZALEZ VALLES,14/09/2022,2024-09-14T00:00:00.000,PRESIDENTE,164
7,13,13120911,"""SINDICATO DE ESTABLECIMIENTO MANUEL MONTT LIDER EXPRESS""",ACTIVO,2005000,SINDICATO ESTABLECIMIENTO,MANUEL MONTT 80,,78,100,23/02/2012,,15-09-2020 0:00:00,ICT PROVIDENCIA,27/02/2012,: 76134941-4 ADMINISTRADORA DE SUPERMERCADOS HIPER LIMITADA: 76134946-5 ADMINISTRADORA DE SUPERMERCADOS EXPRESS LIMITADA: 76232647-7 WALMART CHILE MAYORISTA LIMITADA: 76473580-3 EKONO LIMITADA: 76833720-9 ABARROTES ECONOMICOS LIMITADA,JETZABEL ANGELA TORO SILVA,15/09/2020,2024-09-15T00:00:00.000,PRESIDENTE,178
13009,13,13013368,SINDICATO NACIONAL DE EMPRESA SOCIEDAD ADMINISTRADORA DE CREDITOS SOLVENCIA S.A.,ACTIVO,9-0738773/8277640,SINDICATO EMPRESA,HUERFANOS Nº786,,55,125,30/07/2008,,02-08-2022 0:00:00,IPT SANTIAGO,01/08/2008,: 96640140-0 EMPRESAS SOLVENCIA SPA,ELIZABETH CACERES LUCERO,23/09/2021,2024-09-23T00:00:00.000,PRESIDENTE,180
1953,13,93070023,ASOCIACION DE FUNCIONARIOS TECNICOS PARAMEDICOS HOSPITAL DR. ROBERTO DEL RIO,ACTIVO,4791548-402-530,ASOCIACION DE FUNCIONARIOS,PROFESOR ZAÑARTU 1085,,11,108,04/08/1995,861010 ACTIVIDADES DE HOSPITALES Y CLÍNICAS PÚBLICAS,28-09-2022 0:00:00,ICT STGO NORTE,07/08/1995,,BEATRIZ ADELAIDA VEGA MATELUNA,28/09/2022,2024-09-28T00:00:00.000,PRESIDENTE,119
11560,13,13090862,SINDICATO EMPRESA LOURDES DE TRABAJADORES VULE S.A,ACTIVO,087135123,SINDICATO EMPRESA,AV. VIEL Nº 1756,sindicatolourdesvule@gmail.com,100,55,20/04/2009,492120 TRANSPORTE URBANO Y SUBURBANO DE PASAJEROS VÍA LOCOMOCIÓN COLECTIVA,07-03-2020 0:00:00,ICT MAIPÚ,21/04/2009,: 76071048-2 BUSES VULE S.A.,RICARDO FRANCISCO POZO GALDAMES,29/09/2020,2024-09-29T00:00:00.000,PRESIDENTE,155
13077,13,13011183,SINDICATO NACIONAL DE TRABAJADORES DE EMPRESA A.F.P. CAPITAL S.A.,ACTIVO,00726970-6986936,SINDICATO EMPRESA,VALENTIN LETELIER Nº 18,,49,97,26/03/1987,663010 ADMINISTRADORAS DE FONDOS DE PENSIONES (AFP),29-09-2021 0:00:00,IPT SANTIAGO,08/04/1987,: 98000000-1 ADMINISTRADORA DE FONDOS DE PENSIONES CAPITAL S.A.,SALVADOR ABRAHAM AVALOS SUAZO,30/09/2021,2024-09-30T00:00:00.000,PRESIDENTE,146
1974,13,93120026,ASOCIACION DE FUNCIONARIOS TECNICOS- PARAMEDICOS DEL INSTITUTO DE NEUROCIRUGIA,ACTIVO,2003232,ASOCIACION DE FUNCIONARIOS,JOSE MANUEL INFANTE 553,,55,73,20/06/1996,,25-09-2022 0:00:00,ICT PROVIDENCIA,25/06/1996,,NATALIA REYES CARTES,30/09/2022,2024-09-30T00:00:00.000,PRESIDENTE,128
5777,13,13012804,SINDICATO DE EMPRESA THYSSENKRUPP ELEVADORES S.A.,ACTIVO,2079240,SINDICATO EMPRESA,SERRANO Nº444,stke@live.cl,140,0,09/05/2005,942000 ACTIVIDADES DE SINDICATOS,28-02-2023 0:00:00,IPT SANTIAGO,11/05/2005,: 96726480-6 TK ELEVADORES CHILE S.A.,FRANCISCO FELIPÈ HERNANDEZ HERNANDEZ,04/10/2021,2024-10-04T00:00:00.000,PRESIDENTE,140
7758,13,13160072,SINDICATO DE TRABAJADORES DE LA EMPRESA FORUS S.A.,ACTIVO,290 32 01,SINDICATO EMPRESA,avda departamental 01053,sindicato@forus.cl,97,73,10/09/1992,152000 FABRICACIÓN DE CALZADO,07-10-2022 0:00:00,ICT LA FLORIDA,24/09/1992,: 86963200-7 FORUS S A,JOSÉ ANTONIO GRUMI ARANCIBIA,06/10/2022,2024-10-06T00:00:00.000,PRESIDENTE,170
10916,13,13050051,SINDICATO DE TRABAJADORES Nº 2 PAPELES CORDILLERA SOCIEDAD ANONIMA FILIAL HOLDING CMPC S.A.,ACTIVO,367-5701,SINDICATO EMPRESA,JOSE LUIS COO 0778,,141,2,23/05/1931,,31-10-2022 0:00:00,IPT CORDILLERA,19/12/1980,: 96853150-6 PAPELES CORDILLERA SPA,MIGUEL ANGEL RIVEROS VARAS,12/10/2021,2024-10-12T00:00:00.000,PRESIDENTE,143
13116,13,13160060,SINDICATO NACIONAL DE TRABAJADORES DE EMPRESAS PARIS ADMINISTRADORA LTDA.,ACTIVO,02218919,SINDICATO EMPRESA,"el maqui nº 6791, la florida",parisvespuciosindinacional@gmail.com,22,97,07/10/1991,471910 VENTA AL POR MENOR EN COMERCIOS DE VESTUARIO Y PRODUCTOS PARA EL HOGAR (GRANDES TIENDAS),16-10-2020 0:00:00,ICT LA FLORIDA,16/10/1991,: 78071710-6 ADMINISTRADORA Y COMERCIAL ARAUCO LTDA: 96973670-5 PARIS ADMINISTRADORA LIMITADA,VICTOR EDUARDO ALDERETE DE LA FUENTE,16/10/2020,2024-10-16T00:00:00.000,PRESIDENTE,119
5528,13,13071617,SINDICATO DE EMPRESA SERVICIO HOSPITALARIO S.A.,ACTIVO,5980850,SINDICATO EMPRESA,JUAN ELIAS N° 1712,sshh.sindicato2017@gmail.com,30,100,24/09/2004,,05-10-2021 0:00:00,ICT STGO NORTE,28/10/2004,: 96622700-1 SERVICIOS HOSPITALARIOS S A,OSCAR ALEJANDRO RAMIREZ NUNEZ,18/10/2021,2024-10-18T00:00:00.000,PRESIDENTE,130
5344,13,13012633,SINDICATO DE EMPRESA PENTACROM SERVICIOS S.A.,ACTIVO,967571512,SINDICATO EMPRESA,VALENTIN LETELIER Nº 18,,92,27,14/07/2003,476103 VENTA AL POR MENOR DE ARTÍCULOS DE PAPELERÍA Y ESCRITORIO EN COMERCIOS ESPECIALIZADOS,03-10-2021 0:00:00,IPT SANTIAGO,23/07/2003,: 96764770-5 PENTACROM SERVICIOS S A,SERGIO DEMOFILO CANCINO VALENCIA,19/10/2021,2024-10-19T00:00:00.000,PRESIDENTE,119
454,13,93130003,ASOCIACION DE FUNCIONARIOS DE ATENCION PRIMARIA CONSULTORIO SAN BERNARDO,ACTIVO,8562916 ? 8562943,ASOCIACION DE FUNCIONARIOS,SAN ALFONSO CON PANAMERICANA SUR,,25,83,26/05/1995,960909 OTRAS ACTIVIDADES DE SERVICIOS PERSONALES N.C.P.,07-09-2022 0:00:00,IPT MAIPO (SAN BERNARDO),31/05/1995,,KARINA VALDES MORALES,19/10/2022,2024-10-19T00:00:00.000,PRESIDENTE,108
10961,13,13020082,SINDICATO DE TRABAJADORES Nº1 DE LA EMPRESA J. RIVEROS S.A.I.C.,ACTIVO,05514411,SINDICATO EMPRESA,SAN NICOLAS Nº 960,,127,43,13/06/1966,,11-10-2022 0:00:00,ICT SANTIAGO SUR,14/04/1980,: 93113000-5 J RIVEROS S A I C,SANDRA YOHANA ASTUDILLO PARADA,20/10/2022,2024-10-20T00:00:00.000,PRESIDENTE,170
3826,13,13110660,SINDICATO DE EMPRESA CATER,ACTIVO,06019177,SINDICATO EMPRESA,CAMINO AEROPUERTO S/N,sindicato1cater@gmail.com,45,93,16/10/1998,521009 OTROS SERVICIOS DE ALMACENAMIENTO Y DEPÓSITO N.C.P.,16-06-2023 0:00:00,ICT STGO PONIENTE,21/10/1998,: 81348400-5 SKY CHEFS CHILE SPA,VIVIANA DEL CARMEN URBINA ZUÑIGA,21/10/2020,2024-10-21T00:00:00.000,PRESIDENTE,138
1684,13,93010121,ASOCIACION DE FUNCIONARIOS NO DOCENTES DE EDUCACION DE LA ILUSTRE MUNICIPALIDAD DE SANTIAGO,ACTIVO,6974329 -6962032,ASOCIACION DE FUNCIONARIOS,AV.RICARDO CUMMING Nº 735,,65,100,29/04/1999,,29-10-2022 0:00:00,IPT SANTIAGO,06/05/1999,,MORELIA SEPULVEDA HORMAZABAL,24/10/2022,2024-10-24T00:00:00.000,PRESIDENTE,165
6030,13,13110879,SINDICATO DE ESTABLECIMIENTO BODEGAS EASY RETAIL S.A.,ACTIVO,08/9600916,SINDICATO ESTABLECIMIENTO,puerto madero nº 9710 pasillo k,sindicatobodega@gmail.com,99,32,28/08/2007,475201 VENTA AL POR MENOR DE ARTÍCULOS DE FERRETERÍA Y MATERIALES DE CONSTRUCCIÓN,01-10-2022 0:00:00,ICT STGO PONIENTE,31/08/2007,: 96671750-5 EASY S A,PEDRO EDUARDO MUÑOZ PINEDA,26/10/2022,2024-10-26T00:00:00.000,PRESIDENTE,131
5915,13,13120959,SINDICATO DE EMPRESA UNIVERSIDAD FINIS TERRAE,ACTIVO,24207100,SINDICATO EMPRESA,AV. PEDRO DE VALDIVIA Nº1509,,60,121,09/10/2013,,15-11-2021 0:00:00,ICT PROVIDENCIA,10/10/2013,: 70884700-3 UNIVERSIDAD FINIS TERRAE,HORACIO FLORENCIO HEVIA LARRAIN,27/10/2021,2024-10-27T00:00:00.000,PRESIDENTE,181
1724,13,93020039,ASOCIACION DE FUNCIONARIOS NO DOCENTES DEL DEPARTAMENTO DE EDUCACION DE LA I. MUNICIPALIDAD DE SAN RAMON,ACTIVO,05255904,ASOCIACION DE FUNCIONARIOS,PEDRO AGUIRRE CERDA N?8450,,27,101,09/09/1998,,24-06-2022 0:00:00,ICT SANTIAGO SUR,17/09/1998,,MARCELO ANTONIO JIMENEZ MERINO,27/10/2022,2024-10-27T00:00:00.000,PRESIDENTE,128
8905,13,13040062,"SINDICATO DE TRABAJADORES INDEPENDIENTES DE ARTESANOS Y AGRICOLAS ""MARTRALIPU DE POMAIRE""",ACTIVO,8313479,SINDICATO INDEPENDIENTE,EL CARMEN 220 POMAIRE,,153,11,14/02/1988,,21-11-2019 0:00:00,IPT MELIPILLA,24/02/1988,,JOSE JACOB ROJAS ENCINA,29/10/2021,2024-10-29T00:00:00.000,PRESIDENTE,164
13407,13,13015119,SINDICATO NACIONAL N°1 DE VENTAS AFP PLANVITAL,ACTIVO,9507877170,SINDICATO EMPRESA,LO BLANCO N°852,YASNA7717@GMAIL.COM,59,50,02/11/2020,663010 ADMINISTRADORAS DE FONDOS DE PENSIONES (AFP),01-01-1980 0:00:00,IPT SANTIAGO,10/11/2020,: 98001200-K ADMINISTRADORA DE FONDOS DE PENSIONES PLANVITAL S A,YASNA ANDREA SILVA LOBOS,02/11/2020,2024-11-02T00:00:00.000,PRESIDENTE,109
12994,13,13091024,SINDICATO NACIONAL DE EMPRESA PLAZA CENTRAL,ACTIVO,7797233,SINDICATO EMPRESA,"SAN BORJA N° 62, LOCAL 196, MALL ESTACION CENTRAL",,35,150,19/07/2000,492250 TRANSPORTE DE PASAJEROS EN BUSES INTERURBANOS,29-10-2022 0:00:00,ICT MAIPÚ,20/07/2000,: 96778980-1 SOC ADMINISTRADORA PLAZA CENTRAL LIMITADA,SOLEDAD DEL CARMEN GALAZ ROMERO,04/11/2022,2024-11-04T00:00:00.000,PRESIDENTE,185
13303,13,13010344,"SINDICATO NACIONAL INTEREMPRESA DE TRABAJADORES DE ENEL S.A E INGENIEROS DE EJECUCION Y PROFESIONALES DE ENEL S.A.Y FILIALES, COLIGADAS, RELACIONADAS, VINCULADAS Y CON PARTICIPACION SOCIETARIA Y OTRAS",ACTIVO,6321219,SINDICATO INTER EMPRESA,PARIS N° 778,,128,20,14/10/1965,,05-11-2021 0:00:00,IPT SANTIAGO,14/10/1965,: 4901513-5 ENDESA S.A.: 91081000-6 ENEL GENERACION CHILE S.A.: 93256000-3 EVALUADORA DE CREDITOS LIMITADA: 96588800-4 EMPRESA DE INGENIERIA INGENDESA S.A.,MAURICIO JAVIER RAMIREZ BARRIENTOS,05/11/2021,2024-11-05T00:00:00.000,PRESIDENTE,148
14306,13,13014432,SINDICATO Nº3 DE EMPRESA SERVICIOS GENERALES FALABELLA RETAIL SPA,ACTIVO,95384740,SINDICATO EMPRESA,HUERFANOS 1052 LOCAL 11,,27,90,09/10/2014,471910 VENTA AL POR MENOR EN COMERCIOS DE VESTUARIO Y PRODUCTOS PARA EL HOGAR (GRANDES TIENDAS),06-10-2021 0:00:00,IPT SANTIAGO,10/10/2014,: 77261280-K FALABELLA RETAIL S.A.: 96579870-6 SERVICIOS GENERALES FALABELLA RETAIL SPA: 96811120-5 SERVICIOS GENERALES PASEO CENTRO SPA,ANA ELIZABETH DROGUETT GALLARDO,05/11/2021,2024-11-05T00:00:00.000,PRESIDENTE,117
6600,13,13014885,"SINDICATO DE PROFESORES, ASISTENTES DE LA EDUCACION, EMPLEADOS ADMINISTRATIVOS Y SERVICIOS AUXILIARES DE LA FUNDACION EDUCACIONAL INSTITUTO ALONSO DE ERCILLA",ACTIVO,226810214,SINDICATO EMPRESA,SANTO DOMINGO N° 2145,,37,101,15/12/2017,"850022 ENSEÑANZA PRIMARIA, SECUNDARIA CIENTÍFICO HUMANISTA Y TÉCNICO PROFESIONAL PRIVADA",26-09-2022 0:00:00,IPT SANTIAGO,28/12/2017,: 65764640-7 FUNDACION EDUCACIONAL INSTITUTO ALONSO DE ERCILLA,AGNES MARIA LILIANA AVILES RIVERO,07/11/2022,2024-11-07T00:00:00.000,PRESIDENTE,138
2678,13,13010130,CONFEDERACION NACIONAL DE SUPLEMENTEROS DE CHILE,ACTIVO,6957639,CONFEDERACION DE SINDICATOS,TUCAPEL JIMENEZ Nº 26,,80,75,10/03/1980,0 ACTIVIDADES NO ESPECIFICADAS,04-10-2021 0:00:00,IPT SANTIAGO,12/03/1980,,RAQUEL DEL CARMEN ROBLES CANELO,09/11/2021,2024-11-09T00:00:00.000,DIRECTOR,155
2608,13,93120039,ASOCIACIÓN DE PROFESIONALES UNIVERSITARIOS DE LOS SERVICIOS DE SALUD HOSPITAL DR. LUIS CALVO MACKENNA,ACTIVO,3401600,ASOCIACION DE FUNCIONARIOS,AV. ANTONIO VARAS Nº 360,,15,125,21/12/2004,,25-06-2022 0:00:00,ICT PROVIDENCIA,23/12/2004,,LORENA ELIZABETH URETA BASCUÑAN,09/11/2022,2024-11-09T00:00:00.000,PRESIDENTE,140
13560,13,13110513,SINDICATO N° 1 DE LA EMPRESA QUEBECOR WORLD CHILE S.A.,ACTIVO,7420199,SINDICATO EMPRESA,AVDA.RAMON FREIRE N° 6920,,94,4,15/10/1987,,08-11-2021 0:00:00,ICT STGO PONIENTE,19/10/1987,: 96830710-K A IMPRESORES S.A.,JUAN ROBERTO PALMA LORA,09/11/2021,2024-11-09T00:00:00.000,PRESIDENTE,98
1769,13,93020063,ASOCIACION DE FUNCIONARIOS NºIII HOSPITAL PADRE ALBERTO HURTADO,ACTIVO,8516620,ASOCIACION DE FUNCIONARIOS,ESPERANZA Nº 2150,,24,166,05/05/2009,,06-11-2022 0:00:00,ICT SANTIAGO SUR,11/05/2009,,VICTOR MANUEL MATURANA CAVIERES,11/11/2022,2024-11-11T00:00:00.000,DIRECTOR,190
13870,13,13080551,SINDICATO Nº 1 DE TRABAJADORES DE EMPRESA COLEGIO SAN AGUSTIN,ACTIVO,8958400,SINDICATO EMPRESA,DUBLE ALMEYDA 4950,,40,116,03/11/1992,"850022 ENSEÑANZA PRIMARIA, SECUNDARIA CIENTÍFICO HUMANISTA Y TÉCNICO PROFESIONAL PRIVADA",25-10-2021 0:00:00,ICT SANTIAGO SUR ORIENTE,06/11/1992,: 65035223-8 FUNDACION EDUCACIONAL SAN NICOLAS DE TOLENTINO,DEBORAH HENRRIETTE RODRIGUEZ HERRERA,11/11/2021,2024-11-11T00:00:00.000,PRESIDENTE,156
6779,13,13230152,SINDICATO DE TRABAJADORES BM INDUSTRIAL SPA,ACTIVO,7455635,SINDICATO EMPRESA,CARRETERA GRAL. SAN MARTIN Nº 16.500 BARRIO IND. LOS LIBERTADORES,,99,5,06/02/2004,275000 FABRICACIÓN DE APARATOS DE USO DOMÉSTICO,11-11-2022 0:00:00,ICT NORTE CHACABUCO,09/02/2004,: 78430810-3 BM INDUSTRIAL SPA,JOSE LUIS ITURRA VERA,11/11/2022,2024-11-11T00:00:00.000,PRESIDENTE,104
594,13,93010168,"ASOCIACION DE FUNCIONARIOS DE LA DIRECCION GENERAL DE RELACIONES ECONOMICAS INTERNACIONALES, ""AFUD"".",ACTIVO,8275440,ASOCIACION DE FUNCIONARIOS,"TEATINOS Nº 20, OF. 91",,65,96,09/11/2004,,25-07-2022 0:00:00,IPT SANTIAGO,10/11/2004,,RAUL ALBERTO VILCHES MENDEZ,14/11/2022,2024-11-14T00:00:00.000,PRESIDENTE,161
10890,13,13090040,SINDICATO DE TRABAJADORES Nº 2 DE LA EMPRESA C.T.I. COMPAÑIA TECNO INDUSTRIAL S.A.,ACTIVO,5306100,SINDICATO EMPRESA,ALBERTO LLONA Nº 777,sindicato2cti@gmail.com,100,46,10/09/1964,"475909 VENTA AL POR MENOR DE APARATOS ELÉCTRICOS, TEXTILES PARA EL HOGAR Y OTROS ENSERES DOMÉSTICOS N.C.P.",11-11-2022 0:00:00,ICT MAIPÚ,10/09/1964,: 76163495-K ELECTROLUX DE CHILE S.A.,SERGIO ARNOLDO VALDES PINOCHET,14/11/2022,2024-11-14T00:00:00.000,PRESIDENTE,146
7191,13,13230910,SINDICATO DE TRABAJADORES DE EMPRESA FUNDACION EDUCACIONAL SOCIEDAD DE ESCUELAS CATOLICAS DE SANTO TOMAS DE AQUINO,ACTIVO,5215420-5416751,SINDICATO EMPRESA,SANTA ROSA N° 9093,,100,100,30/12/1965,850021 ENSEÑANZA PREESCOLAR PRIVADA,09-11-2021 0:00:00,ICT NORTE CHACABUCO,30/12/1965,: 82882600-K SOC ESCUELAS CATOLICAS DE SANTO TOMAS DE AQUINO,BERNARDITA LOPEZ RODRIGUEZ,17/11/2021,2024-11-17T00:00:00.000,PRESIDENTE,200
13844,13,13090091,SINDICATO Nº 1 DE EMPRESA VIRUTEX ILKO S.A.,ACTIVO,05574602,SINDICATO EMPRESA,CAMINO A MELIPILLA N? 7875,sindicato1.virutexilko@gmail.com,71,45,27/07/1965,259900 FABRICACIÓN DE OTROS PRODUCTOS ELABORADOS DE METAL N.C.P.,10-11-2022 0:00:00,ICT MAIPÚ,27/07/1965,: 93550000-1 VIRUTEX ILKO SPA,NELLY DEL CARMEN DIAMANTINO ARREDONDO,17/11/2022,2024-11-17T00:00:00.000,PRESIDENTE,116
9512,13,13130008,SINDICATO DE TRABAJADORES INDEPENDIENTES DEL MERCADO PERSA DE SAN BERNARDO.-,ACTIVO,5293359,SINDICATO INDEPENDIENTE,ALONSO CORTES 13437VILLA EL OLIVO,,67,87,30/10/1979,960909 OTRAS ACTIVIDADES DE SERVICIOS PERSONALES N.C.P.,25-05-2015 0:00:00,IPT MAIPO (SAN BERNARDO),08/11/1979,,NANCY DE LAS MERCEDES ZUÑIGA LUNA,19/11/2022,2024-11-19T00:00:00.000,PRESIDENTE,154
14243,13,13012511,SINDICATO Nº2 DE EMPRESA DE SERVICIO DE LIMPIEZA MECANIZADA SLIM S.A.,ACTIVO,6672219,SINDICATO EMPRESA,SERRANO Nº 444,,21,88,22/06/2002,960909 OTRAS ACTIVIDADES DE SERVICIOS PERSONALES N.C.P.,05-10-2022 0:00:00,IPT SANTIAGO,26/06/2002,: 82612000-2 ISS SERVICIOS DE LIMPIEZA MECANIZADA S.A,SERGIO EMILIO LABRIN SANCHEZ,19/11/2022,2024-11-19T00:00:00.000,PRESIDENTE,109
13397,13,13070924,SINDICATO NACIONAL N° 1 DE TRABAJADORES DE LA EMPRESA VITAL S.A.,ACTIVO,6204138,SINDICATO EMPRESA,"AV.AMERICO VESPUCIO 1651, renca (empresa)",sinvital.rrhh@gmail.com,115,40,25/10/1992,110401 ELABORACIÓN DE BEBIDAS NO ALCOHÓLICAS,15-07-2023 0:00:00,ICT STGO NORTE,30/10/1992,: 93899000-K VJ S.A.,MIGUEL CORREA FARIAS,23/11/2022,2024-11-23T00:00:00.000,PRESIDENTE,155
2335,13,93010230,ASOCIACION NACIONAL DE FUNCIONARIOS DEL TRABAJO DE CHILE.,ACTIVO,6726283,ASOCIACION DE FUNCIONARIOS,ALMIRANTE BARROSO Nº 25,,35,80,27/04/1938,942000 ACTIVIDADES DE SINDICATOS,13-09-2023 0:00:00,IPT SANTIAGO,25/03/1996,,ANIBAL ANTONIO MORAGA MACHUCA,23/11/2022,2024-11-23T00:00:00.000,DIRECTOR,115
7599,13,13011194,SINDICATO DE TRABAJADORES DE LA EMPRESA ARTEL S.A.I.C. N° 2,ACTIVO,6986936,SINDICATO EMPRESA,VALENTIN LETELIER N° 18,,54,64,29/05/1987,476103 VENTA AL POR MENOR DE ARTÍCULOS DE PAPELERÍA Y ESCRITORIO EN COMERCIOS ESPECIALIZADOS,17-10-2022 0:00:00,IPT SANTIAGO,10/06/1987,: 92642000-3 ARTEL S.A.,JUAN CARLOS GARRIDO MIRANDA,24/11/2022,2024-11-24T00:00:00.000,PRESIDENTE,118
13413,13,13110045,SINDICATO NACIONAL Nº 1 DE EMPRESA AISLAPOL S.A.,ACTIVO,07733223,SINDICATO EMPRESA,CARRASCAL Nº 3791,sindicatoaislapol@gmail.com,96,14,05/01/1971,202909 FABRICACIÓN DE OTROS PRODUCTOS QUÍMICOS N.C.P.,23-11-2022 0:00:00,ICT STGO PONIENTE,05/01/1971,: 76412645-9 AISLAPOL S.A: 96929060-K AISLAPOL S A,CRISTIAN ANGELO MUÑOZ JIMENEZ,24/11/2022,2024-11-24T00:00:00.000,PRESIDENTE,110
6571,13,13012948,SINDICATO DE PROFESIONALES MEDICOS y de la salud DE LA MUTUAL DE SEGURIDAD DE LA CAMARA CHILENA DE LA CONSTRUCCION,ACTIVO,992275945,SINDICATO EMPRESA,ALAMEDA Mº 4848,,111,30,21/06/2006,861020 ACTIVIDADES DE HOSPITALES Y CLÍNICAS PRIVADAS,26-11-2020 0:00:00,IPT SANTIAGO,29/06/2006,: 70285100-9 MUTUAL DE SEGURIDAD CAMARA CHILENA DE LA CONSTRUCCION,ISIDE ELENA BRAVO IUBINI,26/11/2020,2024-11-26T00:00:00.000,DIRECTOR,141
7998,13,13120698,SINDICATO DE TRABAJADORES DE LA EMPRESA UNIVERSIDAD ACADEMIA DE HUMANISMO CRISTIANO,ACTIVO,6954831-6732879,SINDICATO EMPRESA,CONDELL Nº 343,,48,119,10/11/1992,853120 ENSEÑANZA SUPERIOR EN UNIVERSIDADES PRIVADAS,28-11-2022 0:00:00,ICT PROVIDENCIA,12/11/1992,: 71470400-1 UNIVERSIDAD ACADEMIA DE HUMANISMO CRISTIANO,PILAR PARDO MUÑOZ,28/11/2022,2024-11-28T00:00:00.000,PRESIDENTE,167
894,13,93120015,ASOCIACION DE FUNCIONARIOS DE LA UNIVERSIDAD DE CHILE,ACTIVO,2223492,ASOCIACION DE FUNCIONARIOS,EULOGIA SANCHEZ 2,,120,66,02/02/1993,,30-11-2022 0:00:00,ICT PROVIDENCIA,09/11/1995,,MAXIMILIANO ANTONIO AEDO POBLETE,30/11/2022,2024-11-30T00:00:00.000,DIRECTOR,186
11401,13,13110722,SINDICATO DEL COLEGIO PIAMARTA DE LA EMPRESA FUNDACION JUAN PIAMARTA,ACTIVO,7411573,SINDICATO EMPRESA,SANTA CORINA NORTE Nº 660,,34,113,18/05/1993,949909 ACTIVIDADES DE OTRAS ASOCIACIONES N.C.P.,05-12-2021 0:00:00,ICT STGO PONIENTE,31/05/1993,: 72725600-8 FUND JUAN PIAMARTA,CAROLA DEL PILAR DUQUE ROJAS,03/12/2021,2024-12-03T00:00:00.000,PRESIDENTE,147
11016,13,13020591,SINDICATO DE TRABAJADORES Nº4 DE EMPRESA COMUNIDAD FERIA LO VALLEDOR,ACTIVO,06832452,SINDICATO EMPRESA,AV.CERRILLOS 4030,,110,7,08/06/1990,,16-12-2020 0:00:00,ICT SANTIAGO SUR,11/06/1990,: 56019880-9 COMUNIDAD FERIA LO VALLEDOR: 76053932-5 ADMINISTRADORA DE MERCADO SPA,GABRIEL RAMON RUIZ CASTRO,04/12/2020,2024-12-04T00:00:00.000,PRESIDENTE,117
4148,13,13050438,SINDICATO DE EMPRESA CORPORACION EDUCACIONAL Y CULTURAl EMPRENDER,ACTIVO,2659146,SINDICATO EMPRESA,LOS MAÑIOS Nº978 VILLA LA FORESTA PUENTE ALTO,,28,128,05/04/2005,949909 ACTIVIDADES DE OTRAS ASOCIACIONES N.C.P.,27-11-2022 0:00:00,IPT CORDILLERA,08/04/2005,: 72684200-0 CORPORACION EDUCACIONAL EMPRENDER,ALDO ARAVENA ROCHA,07/12/2022,2024-12-07T00:00:00.000,PRESIDENTE,156
1668,13,93130022,ASOCIACION DE FUNCIONARIOS NO DOCENTE DE LA ILUSTRE MUNICIPALIDAD DE EL BOSQUE,ACTIVO,1,ASOCIACION DE FUNCIONARIOS,VICTOR PLAZA MAYORGA 1049,,157,0,01/08/1997,,22-06-2022 0:00:00,IPT MAIPO (SAN BERNARDO),07/08/1997,,OCTAVIO GILBERTO CONTRERAS VALLEJOS,13/12/2022,2024-12-13T00:00:00.000,PRESIDENTE,157
5542,13,13220317,SINDICATO DE EMPRESA SERVICIOS GENERALES CERRO COLORADO LTDA.,ACTIVO,978712736 5929726,SINDICATO EMPRESA,nataniel cox n° 620,SINDICATOTOTTUSCERROCOLORADO@GMAIL.COM,61,74,20/04/2009,"471100 VENTA AL POR MENOR EN COMERCIOS DE ALIMENTOS, BEBIDAS O TABACO (SUPERMERCADOS E HIPERMERCADOS)",30-06-2023 0:00:00,ICT SANTIAGO ORIENTE,21/04/2009,: 76662120-1 SERVICIOS GENERALES CERRO COLORADO LIMITADA: 78627210-6 HIPERMERCADOS TOTTUS SA,JESUS MARIA ZAPATA LOZADA,15/12/2022,2024-12-15T00:00:00.000,PRESIDENTE,135
253,13,93230014,"ASOCIACION DE FUNCIONAIOS DE LA SALUD ""MANUEL BUSTOS"" DE LA ILUSTRE MUNICIPALIDAD DE QUILICURA",ACTIVO,6270453,ASOCIACION DE FUNCIONARIOS,AV. LO CRUZAT Nº0486,,44,65,09/10/2007,,15-12-2022 0:00:00,ICT NORTE CHACABUCO,17/10/2007,,COLOMBA BEATRIZ FLORES SALINAS,15/12/2022,2024-12-15T00:00:00.000,DIRECTOR,109
14247,13,13021016,"SINDICATO Nº2 DE EMPRESA FUNDACION EDUCACIONAL ""EMA PEREZ BRAVO""",ACTIVO,558 66 91,SINDICATO EMPRESA,AVENIDA GOYCOLEA Nº 0210,,36,62,03/11/2000,,11-07-2022 0:00:00,ICT SANTIAGO SUR,13/11/2000,: 72524100-3 FUND EDUCACIONAL EMA PEREZ BRAVO,VIVIANA DEL CARMEN VIDAL ORTIZ,15/12/2022,2024-12-15T00:00:00.000,PRESIDENTE,98
1518,13,93160017,ASOCIACION DE FUNCIONARIOS MUNICIPALES DE LA GRANJA,ACTIVO,225503892,ASOCIACION DE FUNCIONARIOS,AV. AMERICO VESPUCIO N? 002,,85,83,16/05/1979,841100 ACTIVIDADES DE LA ADMINISTRACIÓN PÚBLICA EN GENERAL,18-12-2022 0:00:00,ICT LA FLORIDA,16/05/1979,,FRANCISCO MANUEL TRABUCO AZOCAR,19/12/2022,2024-12-19T00:00:00.000,PRESIDENTE,168
563,13,93040016,ASOCIACION DE FUNCIONARIOS DE LA ATENCION PRIMARIA DE SALUD DE MELIPILLA,ACTIVO,8324914,ASOCIACION DE FUNCIONARIOS,HURTADO Nº274,,54,94,10/09/2009,862010 ACTIVIDADES DE CENTROS DE SALUD MUNICIPALIZADOS (SERVICIOS DE SALUD PÚBLICA),29-10-2022 0:00:00,IPT MELIPILLA,14/09/2009,,SANDRA FABIO ZUÑIGA,19/12/2022,2024-12-19T00:00:00.000,DIRECTOR,148
2546,13,93080023,ASOCIACIÓN DE FUNCIONARIOS DEL INSTITUTO DE SALUD PÚBLICA DE CHILE,ACTIVO,3507477,ASOCIACION DE FUNCIONARIOS,MARATHON No 1000,,41,62,03/04/1996,0 ACTIVIDADES NO ESPECIFICADAS,16-12-2022 0:00:00,ICT SANTIAGO SUR ORIENTE,04/04/1996,,ALMA BELMAR HERRERA,19/12/2022,2024-12-19T00:00:00.000,PRESIDENTE,103
3833,13,13230002,SINDICATO DE EMPRESA CEMENTO POLPAICO S.A. Nº1,ACTIVO,6966441,SINDICATO EMPRESA,"PANAMERICANA NORTE S.N KM.38, POLPAICO",,118,16,03/09/1947,,17-12-2022 0:00:00,ICT NORTE CHACABUCO,03/09/1947,: 91337000-7 CEMENTO POLPAICO S A,JAIME ANDRES GOMEZ CORALES,20/12/2022,2024-12-20T00:00:00.000,PRESIDENTE,134
196,13,93040018,"ASOCIACION DE ADMINISTRATIVOS, TECNICOS Y AUXILIARES CATEGORIAS C, D, E Y F DE LA SAUD PRIMARIA DE MELIPILLA",ACTIVO,8321748,ASOCIACION DE FUNCIONARIOS,HURTADO Nº274,,39,94,14/10/2009,,05-12-2022 0:00:00,IPT MELIPILLA,16/10/2009,,INGRID XIMENA SANTIBAÑEZ FUENTES,20/12/2022,2024-12-20T00:00:00.000,PRESIDENTE,133
11070,13,13111572,SINDICATO DE TRABAJADORES PROFESIONALES DE LA EMPRESA CLINICA BICENTENARIO SPA,ACTIVO,945625807,SINDICATO EMPRESA,AV. LIBERTADOR BERNARDO OHIGGINS 4850,S.profesional.clibisa@gmail.com,25,122,21/12/2018,861020 ACTIVIDADES DE HOSPITALES Y CLÍNICAS PRIVADAS,21-12-2021 0:00:00,ICT STGO PONIENTE,26/12/2018,: 96885930-7 CLINICA BICENTENARIO SPA,BIANCA GUERRA PEREZ,21/12/2021,2024-12-21T00:00:00.000,PRESIDENTE,147
1798,13,93220014,ASOCIACION DE FUNCIONARIOS PROFESIONALES DEL AREA MEDICA DEL HOSPITAL DIPRECA (APROFAMED),ACTIVO,3156200,ASOCIACION DE FUNCIONARIOS,VITAL APOQUINDO Nº1200,,83,110,10/06/2009,,07-06-2022 0:00:00,ICT SANTIAGO ORIENTE,23/06/2009,,MARIA JOSE ROJAS GONZALEZ,22/12/2022,2024-12-22T00:00:00.000,DIRECTOR,193
13136,13,13130096,SINDICATO NACIONAL DE TRABAJADORES DE LA EMPRESA HORMIGONES PREMIX S.A.,ACTIVO,3601111/anexo771,SINDICATO EMPRESA,"LA DIVISA 400, SEDE 3678771",,173,9,19/04/1987,"239500 FABRICACIÓN DE ARTÍCULOS DE HORMIGÓN, CEMENTO Y YESO",22-10-2022 0:00:00,IPT MAIPO (SAN BERNARDO),22/04/1987,: 93248000-K MELON HORMIGONES S.A.,RICARDO HUMBERTO VENEGAS NÚÑEZ,22/12/2022,2024-12-22T00:00:00.000,PRESIDENTE,182
5619,13,13014622,SINDICATO DE EMPRESA SOCIEDAD ADMINISTRADORA DE CASINOS Y SERVICIOS ALISERVICE S.A.,ACTIVO,54559418,SINDICATO EMPRESA,AVDA. DEL VALLE N° 738,,23,111,03/12/2015,,07-02-2020 0:00:00,IPT SANTIAGO,07/12/2015,: 96872930-6 SOC ADMINISTRADORA DE CASINOS Y SERVICIOS ALISERVICE S A,MARIA IGNACIA GARNICA RIOS,23/12/2019,2024-12-23T00:00:00.000,PRESIDENTE,134
877,13,93010019,"ASOCIACION DE FUNCIONARIOS DE LA SECRETARIA Y ADMINISTRACION GENERAL DEL MINISTERIO DE HACIENDA, MINDHA",ACTIVO,6755908,ASOCIACION DE FUNCIONARIOS,TEATINOS N° 120,,65,71,22/08/1994,,20-02-2022 0:00:00,IPT SANTIAGO,24/08/1994,,MARIA CECILIA SANCHEZ GONZALEZ,28/12/2022,2024-12-28T00:00:00.000,PRESIDENTE,136
10979,13,13072464,SINDICATO DE TRABAJADORES Nº1 TIVIT CHILE,ACTIVO,994691899,SINDICATO EMPRESA,"ALONSO OVALLE Nº778, OF.52",syndicato.uno@gmail.com,96,18,26/10/2007,,02-05-2022 0:00:00,ICT STGO NORTE,29/10/2007,": 76130712-6 TIVIT CHILE TERCERIZACION DE PROCESOS, SERVICIOS Y TECNOLOGIA SPA",JUAN HERNANDEZ VASQUEZ,29/12/2021,2024-12-29T00:00:00.000,PRESIDENTE,114
2112,13,93230007,ASOCIACION DE PROFESIONALES Y TECNICOS DE LA ILUSTRE MUNICIPALIDAD DE QUILICURA,ACTIVO,0603105,ASOCIACION DE FUNCIONARIOS,JOSE FRANCISCO VERGARA 450 QUILICURA,,101,37,19/05/1997,,11-12-2022 0:00:00,ICT NORTE CHACABUCO,28/05/1997,,VICTOR DANIEL CONTRERAS BELLO,04/01/2023,2025-01-04T00:00:00.000,PRESIDENTE,138
330,13,93070030,"ASOCIACION DE FUNCIONARIOS ADMINISTRATIVOS, PARADOCENTES Y AUXILIARES DE LA I. MUNICIPALIDAD DE INDEPENDENCIA.",ACTIVO,3690583- 3690582,ASOCIACION DE FUNCIONARIOS,INDEPENDENCIA Nro. 1225 INDEPENDENCIA,afapa.indep@gmail.com,54,64,03/01/1996,0 ACTIVIDADES NO ESPECIFICADAS,30-12-2022 0:00:00,ICT STGO NORTE,08/01/1996,,MARIA ANGELICA TORO POBLETE,04/01/2023,2025-01-04T00:00:00.000,PRESIDENTE,118
7740,13,13072421,SINDICATO DE TRABAJADORES DE LA EMPRESA ENTEL CALL CENTER (SINTECC),ACTIVO,88913283,SINDICATO EMPRESA,VALENTIN LETELIER 18,,73,31,28/08/2013,619090 OTRAS ACTIVIDADES DE TELECOMUNICACIONES N.C.P.,27-12-2021 0:00:00,ICT STGO NORTE,02/09/2013,: 96563570-K ENTEL CALL CENTER S A,MAILLEN CADIZ SANCHEZ,04/01/2022,2025-01-04T00:00:00.000,PRESIDENTE,104
12896,13,13011214,SINDICATO METROPOLITANO DE TRABAJADORES DE LA EMPRESA COLEGIO DE PROFESORES DE CHILE A.G.,ACTIVO,4704200,SINDICATO EMPRESA,MONEDA Nº 2394,,46,82,11/08/1987,941200 ACTIVIDADES DE ASOCIACIONES PROFESIONALES,31-10-2022 0:00:00,IPT SANTIAGO,12/08/1987,: 70373100-7 COLEGIO DE PROFESORES DE CHILE AG DIRECTORIO NACIONAL,CARLOS ARTURO AGUILLON ASPILLAGA,09/01/2023,2025-01-09T00:00:00.000,PRESIDENTE,128
2336,13,93010024,ASOCIACION NACIONAL DE FUNCIONARIOS DIRECCION DE CONTABILIDAD Y FINANZAS DEL MINISTERIO DE OBRAS PUBLICAS,ACTIVO,3612216,ASOCIACION DE FUNCIONARIOS,MORANDE N° 71,,94,98,15/09/1994,,11-11-2022 0:00:00,IPT SANTIAGO,21/09/1994,,CLAUDIO HURTADO DIAZ,10/01/2023,2025-01-10T00:00:00.000,DIRECTOR,192
1880,13,93040010,ASOCIACION DE FUNCIONARIOS PROFESIONALES UNIVERSITARIOS FENPRUSS DEL HOSPITAL SAN JOSE DE MELIPILLA,ACTIVO,8323555 AN550,ASOCIACION DE FUNCIONARIOS,"O""HIGGINS Nº551",,22,77,29/03/2000,,23-12-2022 0:00:00,IPT MELIPILLA,22/05/2001,,LEYLA VALLADARES ORTIZ,13/01/2023,2025-01-13T00:00:00.000,PRESIDENTE,99
13810,13,13090747,SINDICATO Nº 1 DE EMPRESA DE TRABAJADORES IMICAR S.A.,ACTIVO,5575254,SINDICATO EMPRESA,LAS ENCINAS Nº 441,sindicato.imicar@gmail.com,152,0,10/01/2006,170200 FABRICACIÓN DE PAPEL Y CARTÓN ONDULADO Y DE ENVASES DE PAPEL Y CARTÓN,10-12-2022 0:00:00,ICT MAIPÚ,11/01/2006,: 83297700-4 IMPRESOS Y CARTONAJES S A,VICTOR GERMAN HERNANDEZ ABARCA,16/01/2023,2025-01-16T00:00:00.000,PRESIDENTE,152
1860,13,93020047,ASOCIACION DE FUNCIONARIOS PROFESIONALES UNIVERSITARIOS DEL HOSPITAL PADRE HURTADO,ACTIVO,1,ASOCIACION DE FUNCIONARIOS,ESPERANZA N? 2150,,26,83,08/03/2001,861010 ACTIVIDADES DE HOSPITALES Y CLÍNICAS PÚBLICAS,16-01-2023 0:00:00,ICT SANTIAGO SUR,21/03/2001,,GONZALO ALMONACID CORNEJO,17/01/2023,2025-01-17T00:00:00.000,DIRECTOR,109
6360,13,13081103,SINDICATO DE FUNCIONARIOS DE SALAS CUNAS Y JARDINES INFANTILES DEPENDIENTES DE LA CORPORACIÓN DE DESARROLLO LA REINA,ACTIVO,9124300,SINDICATO EMPRESA,QUILLAGUA Nº 40,aclsindicato2013@gmail.com,1,145,28/01/2013,854909 OTROS TIPOS DE ENSEÑANZA N.C.P.,24-01-2022 0:00:00,ICT SANTIAGO SUR ORIENTE,31/01/2013,: 71378000-6 CORP DE DESARROLLO DE LA REINA,DAFNE DEL CARMEN VERGARA CERPA,20/01/2022,2025-01-20T00:00:00.000,PRESIDENTE,146
12936,13,13130135,SINDICATO NACIONAL DE EMPRESA BOTTAI,ACTIVO,5291210/,SINDICATO EMPRESA,"LAS ACACIAS Nº 91 , km 16, SAN BERNARDO",sindicatobottai@gmail.com,194,1,25/03/1969,960909 OTRAS ACTIVIDADES DE SERVICIOS PERSONALES N.C.P.,26-11-2022 0:00:00,IPT MAIPO (SAN BERNARDO),19/12/1980,: 80125100-5 BOTTAI S A,JOSE MIGUEL SEPULVEDA BARRALES,23/01/2023,2025-01-23T00:00:00.000,DIRECTOR,195
1376,13,93010045,ASOCIACION DE FUNCIONARIOS FENATS INSTITUTO TRAUMATOLOGICO,ACTIVO,06983271,ASOCIACION DE FUNCIONARIOS,SAN MARTIN Nº 771,,60,96,27/07/1995,,23-12-2022 0:00:00,IPT SANTIAGO,02/08/1995,,DAISSY HERMINIA PEREZ FUENTES,25/01/2023,2025-01-25T00:00:00.000,PRESIDENTE,156
13255,13,13014555,SINDICATO NACIONAL INDEPENDIENTE DE TRABAJADORES A HONORARIOS DEL PROGRAMA NACIONAL DE FISCALIZACIÓN DEL MINISTERIO DE TRANSPORTES Y TELECOMUNICACIONES,ACTIVO,76719160,SINDICATO INDEPENDIENTE,CIENFUEGO 11,,82,17,20/06/2015,942000 ACTIVIDADES DE SINDICATOS,31-01-2023 0:00:00,IPT SANTIAGO,22/06/2015,,VICTOR VARELA ARAVIA,01/02/2023,2025-02-01T00:00:00.000,DIRECTOR,99
2675,13,13010646,"CONFEDERACION NACIONAL DE SINDICATOS Y FEDERACIONES DE TRABAJADORES ELECTROMETALURGICOS, MINEROS, AUTOMOTRICES Y RAMOS CONEXOS DE CHILE",ACTIVO,5622381732,CONFEDERACION DE SINDICATOS,AVDA. VICUÑA MACKENNA N° 3101,consfetema@123mail.cl,112,48,07/12/1968,942000 ACTIVIDADES DE SINDICATOS,30-01-2023 0:00:00,IPT SANTIAGO,18/12/1980,,SERGIO FERNANDO MUÑOZ VERGARA,02/02/2023,2025-02-02T00:00:00.000,DIRECTOR,160
13105,13,13014153,SINDICATO NACIONAL DE TRABAJADORES DE EMPRESA PAYBACK,ACTIVO,09-9348507,SINDICATO EMPRESA,"MIRAFLORES Nº 388, 2º PISO",,67,46,10/12/2012,702000 ACTIVIDADES DE CONSULTORÍA DE GESTIÓN,08-02-2021 0:00:00,IPT SANTIAGO,10/12/2012,: 77360390-1 SOCIEDAD DE COBRANZAS PAYBACK LIMITADA,CESAR URIBE ROJO,08/02/2021,2025-02-08T00:00:00.000,PRESIDENTE,113
3804,13,13011505,SINDICATO DE EMPRESA C.D.R.MANTENIMIENTO INTEGRAL S.A.,ACTIVO,5562833,SINDICATO EMPRESA,BERLIN N° 839,,27,145,11/04/1990,711002 EMPRESAS DE SERVICIOS DE INGENIERÍA Y ACTIVIDADES CONEXAS DE CONSULTORÍA TÉCNICA,01-02-2022 0:00:00,IPT SANTIAGO,12/04/1990,: 76178390-4 CENTRAL DE RESTAURANTES ARAMARK MULTISERVICIOS LIMITADA: 96527450-2 CDR MANTENIMIENTO INTEGRAL S A,AMALIA ANDREA SARAVIA ARAYA,01/03/2022,2025-03-01T00:00:00.000,PRESIDENTE,172
